Date,Sales_Person,Country,Product,Boxes_Shipped,Sales
4-20-2022,Jehu Rudeforth,New Zealand,50% Dark Bites,59,3990
8-24-2022,Andria Kimpton,UK,50% Dark Bites,314,2653
1-13-2022,Van Tuxwell,USA,50% Dark Bites,160,9737
6-2-2022,Andria Kimpton,Australia,50% Dark Bites,227,4438
7-4-2022,Camilla Castle,India,50% Dark Bites,411,9275
7-15-2022,Karlen McCaffrey,Canada,50% Dark Bites,65,2919
6-15-2022,Marney O'Breen,USA,50% Dark Bites,106,1064
1-14-2022,Jehu Rudeforth,Australia,50% Dark Bites,418,5194
4-1-2022,Dennison Crosswaite,Australia,50% Dark Bites,12,7287
1-28-2022,Barr Faughny,UK,50% Dark Bites,65,581
7-5-2022,Jehu Rudeforth,India,50% Dark Bites,135,3472
5-12-2022,Dotty Strutley,Australia,50% Dark Bites,252,3108
7-25-2022,Madelene Upcott,Australia,50% Dark Bites,6,7350
4-13-2022,Gigi Bohling,USA,50% Dark Bites,59,2296
8-3-2022,Kaine Padly,USA,50% Dark Bites,27,70
4-14-2022,Barr Faughny,USA,50% Dark Bites,117,13034
3-4-2022,Kaine Padly,Canada,50% Dark Bites,100,8687
8-19-2022,Husein Augar,Australia,50% Dark Bites,52,14889
3-22-2022,Rafaelita Blaksland,Australia,50% Dark Bites,40,3010
7-19-2022,Barr Faughny,Canada,50% Dark Bites,303,10185
3-2-2022,Andria Kimpton,New Zealand,50% Dark Bites,202,3374
7-18-2022,Gigi Bohling,UK,50% Dark Bites,69,8197
2-21-2022,Mallorie Waber,UK,50% Dark Bites,99,5502
5-9-2022,Roddy Speechley,New Zealand,50% Dark Bites,211,4312
8-9-2022,Gunar Cockshoot,India,50% Dark Bites,83,12992
7-28-2022,Beverie Moffet,USA,50% Dark Bites,352,2450
4-19-2022,Mallorie Waber,USA,50% Dark Bites,13,1736
6-14-2022,Jan Morforth,Australia,50% Dark Bites,182,3402
5-31-2022,Mallorie Waber,India,50% Dark Bites,139,588
5-13-2022,Van Tuxwell,India,50% Dark Bites,129,5103
3-8-2022,Curtice Advani,UK,50% Dark Bites,142,3374
3-2-2022,Gunar Cockshoot,Australia,50% Dark Bites,116,12271
6-23-2022,Camilla Castle,USA,50% Dark Bites,301,5908
2-11-2022,Roddy Speechley,USA,50% Dark Bites,316,10458
3-23-2022,Kelci Walkden,USA,50% Dark Bites,223,6188
4-18-2022,Wilone O'Kielt,USA,50% Dark Bites,131,4501
1-31-2022,Andria Kimpton,India,50% Dark Bites,15,13482
6-29-2022,Curtice Advani,Australia,50% Dark Bites,232,504
1-4-2022,Gunar Cockshoot,Canada,50% Dark Bites,23,3024
1-13-2022,Gunar Cockshoot,UK,50% Dark Bites,121,2107
6-23-2022,Barr Faughny,New Zealand,50% Dark Bites,308,4557
6-14-2022,Marney O'Breen,UK,50% Dark Bites,124,2989
8-3-2022,Wilone O'Kielt,Australia,50% Dark Bites,114,10031
1-17-2022,Karlen McCaffrey,Australia,50% Dark Bites,708,6678
5-12-2022,Van Tuxwell,Canada,50% Dark Bites,58,13685
5-16-2022,Beverie Moffet,Australia,50% Dark Bites,457,700
7-13-2022,Van Tuxwell,Australia,50% Dark Bites,137,644
4-6-2022,Karlen McCaffrey,UK,50% Dark Bites,310,3647
8-2-2022,Kaine Padly,Australia,50% Dark Bites,78,8995
1-12-2022,Jan Morforth,UK,50% Dark Bites,293,5250
5-6-2022,Oby Sorrel,Australia,50% Dark Bites,151,721
6-24-2022,Oby Sorrel,Canada,50% Dark Bites,137,6615
2-21-2022,Kaine Padly,UK,50% Dark Bites,67,3143
4-15-2022,Ches Bonnell,India,50% Dark Bites,313,11298
7-11-2022,Van Tuxwell,New Zealand,50% Dark Bites,10,3626
6-29-2022,Gigi Bohling,New Zealand,50% Dark Bites,64,5670
1-27-2022,Curtice Advani,New Zealand,50% Dark Bites,85,9765
2-16-2022,Rafaelita Blaksland,UK,50% Dark Bites,68,10150
2-9-2022,Beverie Moffet,UK,50% Dark Bites,271,2499
3-14-2022,Roddy Speechley,India,50% Dark Bites,12,8337
2-7-2022,Dennison Crosswaite,Australia,70% Dark Bites,108,5859
8-2-2022,Karlen McCaffrey,New Zealand,70% Dark Bites,40,126
1-24-2022,Madelene Upcott,Canada,70% Dark Bites,141,10927
4-29-2022,Camilla Castle,Australia,70% Dark Bites,477,6048
5-12-2022,Kaine Padly,USA,70% Dark Bites,100,4018
1-12-2022,Ches Bonnell,Australia,70% Dark Bites,125,3136
4-14-2022,Jehu Rudeforth,UK,70% Dark Bites,258,5565
7-5-2022,Curtice Advani,India,70% Dark Bites,44,2282
6-20-2022,Dotty Strutley,UK,70% Dark Bites,216,1267
6-1-2022,Beverie Moffet,India,70% Dark Bites,146,448
5-9-2022,Husein Augar,India,70% Dark Bites,157,6454
5-11-2022,Ches Bonnell,USA,70% Dark Bites,122,4571
6-21-2022,Gigi Bohling,UK,70% Dark Bites,81,840
8-24-2022,Rafaelita Blaksland,New Zealand,70% Dark Bites,280,679
6-24-2022,Karlen McCaffrey,Australia,70% Dark Bites,317,238
3-4-2022,Jan Morforth,Australia,70% Dark Bites,384,5222
2-8-2022,Kaine Padly,Australia,70% Dark Bites,223,6706
3-24-2022,Roddy Speechley,UK,70% Dark Bites,284,1421
7-27-2022,Camilla Castle,Canada,70% Dark Bites,151,9716
1-24-2022,Kaine Padly,India,70% Dark Bites,301,12173
1-31-2022,Curtice Advani,Canada,70% Dark Bites,7,2303
6-24-2022,Karlen McCaffrey,Canada,70% Dark Bites,597,7714
2-22-2022,Madelene Upcott,New Zealand,70% Dark Bites,93,13356
2-14-2022,Jan Morforth,Canada,70% Dark Bites,305,5894
6-6-2022,Kelci Walkden,India,70% Dark Bites,106,3640
3-24-2022,Kaine Padly,New Zealand,70% Dark Bites,38,7231
1-31-2022,Husein Augar,Canada,70% Dark Bites,285,5131
4-14-2022,Brien Boise,India,70% Dark Bites,413,4641
4-14-2022,Brien Boise,USA,70% Dark Bites,21,1694
6-15-2022,Brien Boise,New Zealand,70% Dark Bites,130,7231
8-18-2022,Gigi Bohling,Australia,70% Dark Bites,105,1372
2-16-2022,Madelene Upcott,UK,70% Dark Bites,239,5397
3-16-2022,Oby Sorrel,UK,70% Dark Bites,181,6223
1-10-2022,Van Tuxwell,Australia,70% Dark Bites,104,7063
6-27-2022,Beverie Moffet,USA,70% Dark Bites,115,2275
2-14-2022,Marney O'Breen,New Zealand,70% Dark Bites,352,8603
4-8-2022,Andria Kimpton,Canada,70% Dark Bites,15,10262
6-2-2022,Van Tuxwell,Canada,70% Dark Bites,77,7077
3-15-2022,Dennison Crosswaite,USA,70% Dark Bites,77,658
1-14-2022,Gigi Bohling,USA,70% Dark Bites,196,7364
4-15-2022,Madelene Upcott,Australia,70% Dark Bites,260,3710
5-23-2022,Karlen McCaffrey,India,70% Dark Bites,344,5075
8-1-2022,Van Tuxwell,India,85% Dark Bars,94,7896
6-8-2022,Curtice Advani,UK,85% Dark Bars,172,1085
5-24-2022,Van Tuxwell,New Zealand,85% Dark Bars,121,1722
5-19-2022,Camilla Castle,Australia,85% Dark Bars,14,3654
7-19-2022,Marney O'Breen,India,85% Dark Bars,179,2205
4-5-2022,Dennison Crosswaite,Australia,85% Dark Bars,420,6881
8-2-2022,Wilone O'Kielt,New Zealand,85% Dark Bars,117,1827
4-5-2022,Andria Kimpton,USA,85% Dark Bars,82,8911
4-20-2022,Mallorie Waber,Canada,85% Dark Bars,424,1428
8-8-2022,Husein Augar,USA,85% Dark Bars,54,378
5-23-2022,Barr Faughny,New Zealand,85% Dark Bars,157,2100
5-11-2022,Mallorie Waber,USA,85% Dark Bars,108,2632
8-26-2022,Mallorie Waber,Australia,85% Dark Bars,53,2541
8-30-2022,Beverie Moffet,New Zealand,85% Dark Bars,22,11200
2-17-2022,Brien Boise,Canada,85% Dark Bars,259,10241
5-25-2022,Jan Morforth,India,85% Dark Bars,418,4760
6-16-2022,Madelene Upcott,Australia,85% Dark Bars,329,1575
7-11-2022,Van Tuxwell,UK,85% Dark Bars,134,3577
8-23-2022,Andria Kimpton,Australia,85% Dark Bars,233,4186
8-1-2022,Dennison Crosswaite,Canada,85% Dark Bars,90,10885
6-30-2022,Dennison Crosswaite,India,85% Dark Bars,22,4515
8-25-2022,Barr Faughny,USA,85% Dark Bars,47,12761
8-23-2022,Beverie Moffet,USA,85% Dark Bars,334,12404
5-30-2022,Marney O'Breen,New Zealand,85% Dark Bars,149,1218
1-18-2022,Curtice Advani,India,85% Dark Bars,402,273
2-17-2022,Madelene Upcott,Canada,85% Dark Bars,101,7504
3-30-2022,Karlen McCaffrey,India,85% Dark Bars,83,945
6-28-2022,Karlen McCaffrey,New Zealand,85% Dark Bars,55,6069
6-30-2022,Oby Sorrel,Australia,85% Dark Bars,27,6944
4-6-2022,Kaine Padly,Canada,85% Dark Bars,31,1729
6-6-2022,Mallorie Waber,New Zealand,85% Dark Bars,106,7714
3-11-2022,Jehu Rudeforth,New Zealand,85% Dark Bars,89,6972
4-25-2022,Dotty Strutley,USA,85% Dark Bars,508,10220
5-4-2022,Camilla Castle,India,85% Dark Bars,51,9023
2-10-2022,Barr Faughny,Australia,85% Dark Bars,44,8498
4-14-2022,Roddy Speechley,New Zealand,85% Dark Bars,275,4844
8-9-2022,Brien Boise,India,85% Dark Bars,205,18032
6-23-2022,Kelci Walkden,UK,85% Dark Bars,228,3997
6-30-2022,Gunar Cockshoot,USA,85% Dark Bars,135,7007
7-5-2022,Oby Sorrel,India,85% Dark Bars,130,8981
6-23-2022,Gigi Bohling,UK,85% Dark Bars,94,12362
7-7-2022,Jehu Rudeforth,UK,85% Dark Bars,64,5502
5-12-2022,Curtice Advani,New Zealand,85% Dark Bars,187,5404
6-28-2022,Ches Bonnell,UK,85% Dark Bars,12,14924
7-8-2022,Roddy Speechley,Australia,85% Dark Bars,80,4200
4-25-2022,Camilla Castle,USA,85% Dark Bars,78,2401
2-1-2022,Oby Sorrel,New Zealand,85% Dark Bars,417,3381
2-16-2022,Beverie Moffet,Canada,85% Dark Bars,45,6139
6-22-2022,Kaine Padly,USA,85% Dark Bars,259,483
8-8-2022,Camilla Castle,New Zealand,85% Dark Bars,55,15099
1-25-2022,Oby Sorrel,UK,99% Dark & Pure,176,13685
7-4-2022,Brien Boise,Australia,99% Dark & Pure,102,2835
6-29-2022,Rafaelita Blaksland,UK,99% Dark & Pure,150,12446
5-18-2022,Brien Boise,Canada,99% Dark & Pure,416,16793
5-27-2022,Oby Sorrel,India,99% Dark & Pure,11,10255
1-31-2022,Van Tuxwell,UK,99% Dark & Pure,137,4725
3-28-2022,Marney O'Breen,USA,99% Dark & Pure,296,4151
8-15-2022,Kelci Walkden,Canada,99% Dark & Pure,50,4830
8-1-2022,Oby Sorrel,Canada,99% Dark & Pure,403,3605
1-31-2022,Dennison Crosswaite,Australia,99% Dark & Pure,18,2758
7-28-2022,Van Tuxwell,USA,99% Dark & Pure,6,12586
1-3-2022,Dotty Strutley,UK,99% Dark & Pure,282,9310
6-2-2022,Gigi Bohling,USA,99% Dark & Pure,249,784
8-18-2022,Kelci Walkden,USA,99% Dark & Pure,238,7714
6-23-2022,Dennison Crosswaite,India,99% Dark & Pure,311,6888
1-7-2022,Curtice Advani,Australia,99% Dark & Pure,84,4676
2-25-2022,Jehu Rudeforth,India,99% Dark & Pure,242,1953
1-18-2022,Camilla Castle,Australia,99% Dark & Pure,101,4669
6-24-2022,Kaine Padly,Canada,99% Dark & Pure,409,1288
1-26-2022,Madelene Upcott,UK,99% Dark & Pure,45,10479
7-7-2022,Curtice Advani,Canada,99% Dark & Pure,7,12586
1-13-2022,Marney O'Breen,UK,99% Dark & Pure,194,8113
7-25-2022,Brien Boise,USA,99% Dark & Pure,353,6769
8-9-2022,Dotty Strutley,USA,99% Dark & Pure,320,3822
6-30-2022,Kelci Walkden,Australia,99% Dark & Pure,34,3185
8-10-2022,Beverie Moffet,UK,99% Dark & Pure,121,3486
3-7-2022,Gunar Cockshoot,UK,99% Dark & Pure,84,7
1-4-2022,Jehu Rudeforth,USA,99% Dark & Pure,219,2534
2-25-2022,Jehu Rudeforth,Australia,99% Dark & Pure,198,10486
1-17-2022,Van Tuxwell,Australia,99% Dark & Pure,128,112
5-23-2022,Jan Morforth,India,99% Dark & Pure,187,9100
7-25-2022,Andria Kimpton,UK,99% Dark & Pure,66,1155
2-21-2022,Husein Augar,USA,99% Dark & Pure,111,9534
8-26-2022,Husein Augar,Australia,99% Dark & Pure,128,3087
8-2-2022,Camilla Castle,India,99% Dark & Pure,207,203
5-9-2022,Dotty Strutley,New Zealand,99% Dark & Pure,203,10724
8-1-2022,Madelene Upcott,Australia,99% Dark & Pure,154,4326
7-22-2022,Marney O'Breen,India,99% Dark & Pure,157,10766
8-12-2022,Kelci Walkden,UK,99% Dark & Pure,114,3507
3-25-2022,Rafaelita Blaksland,New Zealand,99% Dark & Pure,84,3164
6-28-2022,Kelci Walkden,India,99% Dark & Pure,244,2303
3-2-2022,Rafaelita Blaksland,Canada,99% Dark & Pure,142,5096
8-26-2022,Camilla Castle,New Zealand,99% Dark & Pure,42,2268
5-30-2022,Dennison Crosswaite,UK,99% Dark & Pure,27,12187
4-18-2022,Roddy Speechley,New Zealand,99% Dark & Pure,183,7483
1-26-2022,Karlen McCaffrey,Australia,99% Dark & Pure,168,10822
2-16-2022,Ches Bonnell,India,99% Dark & Pure,96,455
8-18-2022,Gunar Cockshoot,Australia,99% Dark & Pure,235,7952
5-24-2022,Barr Faughny,New Zealand,99% Dark & Pure,195,8134
3-24-2022,Gunar Cockshoot,Australia,After Nines,73,3080
5-30-2022,Marney O'Breen,USA,After Nines,163,4753
5-11-2022,Andria Kimpton,Canada,After Nines,70,2163
7-7-2022,Kelci Walkden,New Zealand,After Nines,72,147
6-2-2022,Kelci Walkden,USA,After Nines,16,938
5-25-2022,Roddy Speechley,New Zealand,After Nines,10,8001
7-26-2022,Van Tuxwell,USA,After Nines,264,630
4-8-2022,Husein Augar,USA,After Nines,180,11571
3-9-2022,Marney O'Breen,New Zealand,After Nines,44,1561
4-25-2022,Wilone O'Kielt,USA,After Nines,30,392
3-29-2022,Gigi Bohling,UK,After Nines,175,8029
1-7-2022,Kelci Walkden,India,After Nines,520,1687
5-27-2022,Wilone O'Kielt,Australia,After Nines,26,3325
3-15-2022,Madelene Upcott,USA,After Nines,430,4571
7-11-2022,Marney O'Breen,India,After Nines,179,2639
3-2-2022,Kelci Walkden,Australia,After Nines,288,6916
6-22-2022,Roddy Speechley,India,After Nines,112,2576
7-18-2022,Oby Sorrel,UK,After Nines,104,2345
4-19-2022,Barr Faughny,New Zealand,After Nines,84,10024
6-16-2022,Brien Boise,India,After Nines,45,5747
1-14-2022,Gigi Bohling,USA,After Nines,227,1848
4-14-2022,Jehu Rudeforth,New Zealand,After Nines,73,1512
8-11-2022,Karlen McCaffrey,Australia,After Nines,67,2303
3-2-2022,Rafaelita Blaksland,India,After Nines,204,4739
1-19-2022,Husein Augar,Canada,After Nines,301,9772
8-4-2022,Gunar Cockshoot,Canada,After Nines,200,2744
7-13-2022,Jan Morforth,Canada,After Nines,172,4515
6-23-2022,Ches Bonnell,New Zealand,After Nines,350,5705
8-4-2022,Husein Augar,New Zealand,After Nines,7,6433
8-9-2022,Gunar Cockshoot,New Zealand,After Nines,145,7175
4-5-2022,Curtice Advani,New Zealand,After Nines,30,7959
8-11-2022,Curtice Advani,Australia,After Nines,105,63
6-27-2022,Jehu Rudeforth,UK,After Nines,164,1946
1-17-2022,Dotty Strutley,Canada,After Nines,237,252
7-7-2022,Rafaelita Blaksland,New Zealand,After Nines,92,1099
1-13-2022,Kelci Walkden,Canada,After Nines,198,16702
1-21-2022,Gigi Bohling,New Zealand,After Nines,181,5600
3-14-2022,Jan Morforth,India,After Nines,168,6496
8-15-2022,Gunar Cockshoot,USA,After Nines,261,3738
8-4-2022,Wilone O'Kielt,India,After Nines,262,12026
7-29-2022,Barr Faughny,India,After Nines,109,8190
4-8-2022,Kaine Padly,Australia,After Nines,306,6832
6-27-2022,Van Tuxwell,India,After Nines,207,13706
4-13-2022,Curtice Advani,USA,After Nines,235,14147
1-21-2022,Kaine Padly,UK,After Nines,176,18697
8-22-2022,Kaine Padly,Canada,After Nines,172,5845
2-14-2022,Jehu Rudeforth,Australia,After Nines,47,5250
7-5-2022,Husein Augar,UK,After Nines,380,3507
5-4-2022,Mallorie Waber,New Zealand,After Nines,228,483
1-17-2022,Andria Kimpton,India,After Nines,68,952
6-30-2022,Karlen McCaffrey,UK,Almond Choco,133,6839
8-22-2022,Madelene Upcott,Canada,Almond Choco,102,7602
3-24-2022,Curtice Advani,Canada,Almond Choco,70,4865
7-6-2022,Karlen McCaffrey,India,Almond Choco,149,6090
1-10-2022,Gigi Bohling,UK,Almond Choco,9,5642
2-25-2022,Marney O'Breen,USA,Almond Choco,167,7798
3-11-2022,Jan Morforth,India,Almond Choco,22,4466
7-28-2022,Dotty Strutley,UK,Almond Choco,96,16114
3-14-2022,Kelci Walkden,India,Almond Choco,149,3297
6-27-2022,Van Tuxwell,Canada,Almond Choco,72,3213
6-30-2022,Dennison Crosswaite,USA,Almond Choco,84,11718
7-27-2022,Rafaelita Blaksland,India,Almond Choco,99,3395
1-25-2022,Gunar Cockshoot,Australia,Almond Choco,424,3752
4-13-2022,Brien Boise,Canada,Almond Choco,125,4781
7-8-2022,Karlen McCaffrey,Australia,Almond Choco,128,7294
1-13-2022,Barr Faughny,New Zealand,Almond Choco,127,5558
8-1-2022,Mallorie Waber,Australia,Almond Choco,125,7882
1-13-2022,Brien Boise,India,Almond Choco,218,2170
7-13-2022,Curtice Advani,Australia,Almond Choco,75,2912
6-24-2022,Roddy Speechley,Australia,Almond Choco,74,4466
1-28-2022,Mallorie Waber,USA,Almond Choco,368,6986
2-15-2022,Oby Sorrel,Australia,Almond Choco,223,6034
3-15-2022,Wilone O'Kielt,New Zealand,Almond Choco,144,9198
5-16-2022,Beverie Moffet,UK,Almond Choco,100,2506
2-1-2022,Gigi Bohling,Canada,Almond Choco,49,9989
2-22-2022,Kaine Padly,Australia,Almond Choco,392,4102
6-14-2022,Van Tuxwell,India,Almond Choco,390,6426
3-28-2022,Roddy Speechley,New Zealand,Almond Choco,67,2723
1-5-2022,Gunar Cockshoot,New Zealand,Almond Choco,129,5173
5-25-2022,Brien Boise,UK,Almond Choco,125,105
2-3-2022,Barr Faughny,USA,Almond Choco,78,385
7-28-2022,Gunar Cockshoot,Canada,Almond Choco,30,1309
8-17-2022,Gigi Bohling,Australia,Almond Choco,117,910
5-13-2022,Dotty Strutley,Australia,Almond Choco,91,1456
5-17-2022,Husein Augar,UK,Almond Choco,166,8309
1-27-2022,Kelci Walkden,USA,Almond Choco,233,5180
4-25-2022,Andria Kimpton,Australia,Almond Choco,175,3192
5-30-2022,Kelci Walkden,Australia,Almond Choco,350,4879
5-31-2022,Madelene Upcott,USA,Almond Choco,24,10143
5-19-2022,Oby Sorrel,USA,Almond Choco,141,6440
4-13-2022,Ches Bonnell,India,Almond Choco,73,11788
8-30-2022,Jehu Rudeforth,India,Almond Choco,100,10122
5-12-2022,Mallorie Waber,Canada,Almond Choco,35,4214
4-5-2022,Andria Kimpton,New Zealand,Almond Choco,158,6559
6-6-2022,Van Tuxwell,UK,Almond Choco,204,10689
7-6-2022,Jan Morforth,UK,Almond Choco,157,9744
8-12-2022,Kaine Padly,Canada,Almond Choco,73,6055
5-24-2022,Beverie Moffet,India,Almond Choco,96,3066
5-26-2022,Kelci Walkden,Canada,Baker's Choco Chips,302,3073
1-28-2022,Gigi Bohling,Canada,Baker's Choco Chips,47,1505
1-4-2022,Brien Boise,Australia,Baker's Choco Chips,212,12516
6-20-2022,Van Tuxwell,India,Baker's Choco Chips,447,3052
2-7-2022,Karlen McCaffrey,UK,Baker's Choco Chips,389,4753
8-18-2022,Barr Faughny,India,Baker's Choco Chips,141,6454
8-3-2022,Beverie Moffet,New Zealand,Baker's Choco Chips,144,1372
6-10-2022,Marney O'Breen,UK,Baker's Choco Chips,154,252
8-4-2022,Beverie Moffet,Australia,Baker's Choco Chips,109,3192
1-11-2022,Beverie Moffet,Canada,Baker's Choco Chips,95,13447
6-9-2022,Rafaelita Blaksland,USA,Baker's Choco Chips,58,2863
3-21-2022,Ches Bonnell,Canada,Baker's Choco Chips,371,7462
4-25-2022,Oby Sorrel,New Zealand,Baker's Choco Chips,47,11823
2-22-2022,Roddy Speechley,New Zealand,Baker's Choco Chips,215,5313
7-12-2022,Brien Boise,New Zealand,Baker's Choco Chips,24,5978
5-16-2022,Gigi Bohling,UK,Baker's Choco Chips,409,9023
8-22-2022,Rafaelita Blaksland,Australia,Baker's Choco Chips,51,2786
1-26-2022,Marney O'Breen,USA,Baker's Choco Chips,9,8470
8-12-2022,Oby Sorrel,USA,Baker's Choco Chips,120,8001
5-16-2022,Jehu Rudeforth,UK,Baker's Choco Chips,97,2485
6-6-2022,Jehu Rudeforth,India,Baker's Choco Chips,74,2086
4-5-2022,Karlen McCaffrey,New Zealand,Baker's Choco Chips,189,5012
8-22-2022,Madelene Upcott,USA,Baker's Choco Chips,140,5621
1-25-2022,Wilone O'Kielt,Australia,Baker's Choco Chips,154,2961
1-17-2022,Dennison Crosswaite,UK,Baker's Choco Chips,275,2275
1-13-2022,Marney O'Breen,Australia,Baker's Choco Chips,101,5810
4-4-2022,Roddy Speechley,UK,Baker's Choco Chips,351,14028
3-24-2022,Van Tuxwell,UK,Baker's Choco Chips,20,2443
6-23-2022,Kelci Walkden,New Zealand,Baker's Choco Chips,110,2912
8-1-2022,Jan Morforth,India,Baker's Choco Chips,79,13727
6-7-2022,Dotty Strutley,Australia,Baker's Choco Chips,68,3605
3-18-2022,Gunar Cockshoot,India,Baker's Choco Chips,524,2191
2-3-2022,Barr Faughny,Canada,Baker's Choco Chips,170,10969
3-22-2022,Van Tuxwell,New Zealand,Baker's Choco Chips,24,9660
8-9-2022,Andria Kimpton,Australia,Baker's Choco Chips,109,329
4-29-2022,Husein Augar,UK,Baker's Choco Chips,135,3038
4-22-2022,Wilone O'Kielt,New Zealand,Baker's Choco Chips,59,3836
5-11-2022,Van Tuxwell,Australia,Baker's Choco Chips,32,13258
8-11-2022,Dennison Crosswaite,USA,Baker's Choco Chips,271,17465
1-11-2022,Dennison Crosswaite,Australia,Baker's Choco Chips,421,13846
3-11-2022,Jan Morforth,UK,Baker's Choco Chips,251,721
4-14-2022,Wilone O'Kielt,Australia,Caramel Stuffed Bars,11,2030
1-3-2022,Andria Kimpton,Canada,Caramel Stuffed Bars,348,7154
3-16-2022,Kelci Walkden,India,Caramel Stuffed Bars,125,476
3-16-2022,Marney O'Breen,India,Caramel Stuffed Bars,81,4361
5-20-2022,Rafaelita Blaksland,New Zealand,Caramel Stuffed Bars,14,13083
7-19-2022,Marney O'Breen,UK,Caramel Stuffed Bars,112,3549
1-27-2022,Husein Augar,New Zealand,Caramel Stuffed Bars,475,497
4-15-2022,Husein Augar,UK,Caramel Stuffed Bars,433,14938
4-15-2022,Madelene Upcott,UK,Caramel Stuffed Bars,145,161
7-21-2022,Kaine Padly,USA,Caramel Stuffed Bars,122,5593
5-17-2022,Van Tuxwell,Australia,Caramel Stuffed Bars,59,5936
5-2-2022,Camilla Castle,Australia,Caramel Stuffed Bars,16,3178
2-14-2022,Van Tuxwell,USA,Caramel Stuffed Bars,21,987
4-15-2022,Dotty Strutley,USA,Caramel Stuffed Bars,76,16982
2-25-2022,Brien Boise,India,Caramel Stuffed Bars,100,1540
1-31-2022,Karlen McCaffrey,New Zealand,Caramel Stuffed Bars,227,5334
2-1-2022,Madelene Upcott,New Zealand,Caramel Stuffed Bars,151,3374
8-1-2022,Rafaelita Blaksland,Canada,Caramel Stuffed Bars,101,7119
5-30-2022,Roddy Speechley,India,Caramel Stuffed Bars,543,8911
7-8-2022,Gigi Bohling,Australia,Caramel Stuffed Bars,151,8001
5-2-2022,Andria Kimpton,USA,Caramel Stuffed Bars,46,8393
6-17-2022,Camilla Castle,New Zealand,Caramel Stuffed Bars,347,4137
8-2-2022,Jan Morforth,Canada,Caramel Stuffed Bars,114,9541
1-17-2022,Ches Bonnell,Australia,Caramel Stuffed Bars,162,8757
6-2-2022,Ches Bonnell,UK,Caramel Stuffed Bars,300,2926
1-4-2022,Barr Faughny,India,Caramel Stuffed Bars,99,6566
6-7-2022,Andria Kimpton,UK,Caramel Stuffed Bars,275,7924
7-4-2022,Jan Morforth,India,Caramel Stuffed Bars,153,84
7-29-2022,Barr Faughny,Australia,Caramel Stuffed Bars,55,2933
6-15-2022,Ches Bonnell,India,Caramel Stuffed Bars,56,6839
6-30-2022,Ches Bonnell,New Zealand,Caramel Stuffed Bars,42,7588
1-13-2022,Wilone O'Kielt,India,Caramel Stuffed Bars,276,4179
2-23-2022,Marney O'Breen,Canada,Caramel Stuffed Bars,614,1372
8-2-2022,Jan Morforth,UK,Caramel Stuffed Bars,468,3094
5-20-2022,Kaine Padly,UK,Caramel Stuffed Bars,67,10192
2-14-2022,Curtice Advani,Australia,Caramel Stuffed Bars,140,9114
3-2-2022,Karlen McCaffrey,Canada,Caramel Stuffed Bars,304,3346
6-10-2022,Mallorie Waber,Canada,Caramel Stuffed Bars,539,4844
3-4-2022,Brien Boise,UK,Caramel Stuffed Bars,149,2681
3-29-2022,Barr Faughny,USA,Caramel Stuffed Bars,299,3318
8-10-2022,Dotty Strutley,UK,Caramel Stuffed Bars,235,5768
7-28-2022,Gunar Cockshoot,India,Caramel Stuffed Bars,202,2471
7-11-2022,Dennison Crosswaite,USA,Caramel Stuffed Bars,464,2317
7-11-2022,Mallorie Waber,Canada,Choco Coated Almonds,241,4781
3-2-2022,Gigi Bohling,USA,Choco Coated Almonds,103,12313
6-7-2022,Rafaelita Blaksland,New Zealand,Choco Coated Almonds,45,2093
3-17-2022,Oby Sorrel,UK,Choco Coated Almonds,41,9324
3-2-2022,Husein Augar,UK,Choco Coated Almonds,43,4333
5-25-2022,Brien Boise,Australia,Choco Coated Almonds,62,5124
4-22-2022,Jehu Rudeforth,UK,Choco Coated Almonds,185,4270
8-22-2022,Marney O'Breen,Canada,Choco Coated Almonds,406,2639
4-8-2022,Madelene Upcott,Australia,Choco Coated Almonds,72,2058
1-13-2022,Dennison Crosswaite,Canada,Choco Coated Almonds,118,10479
1-4-2022,Dotty Strutley,New Zealand,Choco Coated Almonds,348,5733
2-24-2022,Beverie Moffet,India,Choco Coated Almonds,261,3577
7-27-2022,Marney O'Breen,Australia,Choco Coated Almonds,41,11298
4-13-2022,Van Tuxwell,India,Choco Coated Almonds,114,5733
5-24-2022,Madelene Upcott,UK,Choco Coated Almonds,134,10164
8-12-2022,Jan Morforth,India,Choco Coated Almonds,134,2541
3-4-2022,Beverie Moffet,UK,Choco Coated Almonds,69,3010
8-24-2022,Ches Bonnell,Canada,Choco Coated Almonds,269,15547
2-11-2022,Madelene Upcott,India,Choco Coated Almonds,145,3500
8-18-2022,Curtice Advani,Canada,Choco Coated Almonds,7,5859
5-24-2022,Kelci Walkden,UK,Choco Coated Almonds,212,9506
6-6-2022,Wilone O'Kielt,USA,Choco Coated Almonds,6,9457
1-4-2022,Ches Bonnell,USA,Choco Coated Almonds,92,14525
4-5-2022,Ches Bonnell,India,Choco Coated Almonds,78,9625
6-7-2022,Ches Bonnell,UK,Choco Coated Almonds,236,1687
3-18-2022,Mallorie Waber,Australia,Choco Coated Almonds,92,15750
8-19-2022,Van Tuxwell,Canada,Choco Coated Almonds,296,2282
5-18-2022,Kaine Padly,Canada,Choco Coated Almonds,164,3164
7-20-2022,Madelene Upcott,Canada,Choco Coated Almonds,294,3458
8-15-2022,Husein Augar,Canada,Choco Coated Almonds,408,3381
8-22-2022,Wilone O'Kielt,India,Choco Coated Almonds,233,2933
8-3-2022,Kaine Padly,UK,Choco Coated Almonds,123,8022
6-30-2022,Gunar Cockshoot,UK,Choco Coated Almonds,135,5775
4-13-2022,Dotty Strutley,Australia,Choco Coated Almonds,284,1645
5-11-2022,Roddy Speechley,Canada,Choco Coated Almonds,249,5873
8-1-2022,Gunar Cockshoot,New Zealand,Choco Coated Almonds,62,13062
2-14-2022,Oby Sorrel,India,Choco Coated Almonds,363,49
6-7-2022,Madelene Upcott,USA,Choco Coated Almonds,132,5446
4-8-2022,Ches Bonnell,Australia,Choco Coated Almonds,167,1470
7-28-2022,Karlen McCaffrey,New Zealand,Drinking Coco,156,168
3-14-2022,Husein Augar,UK,Drinking Coco,113,3003
7-19-2022,Dotty Strutley,Australia,Drinking Coco,135,91
7-15-2022,Jehu Rudeforth,Canada,Drinking Coco,24,441
6-28-2022,Andria Kimpton,Australia,Drinking Coco,48,1603
4-6-2022,Wilone O'Kielt,Australia,Drinking Coco,283,623
2-21-2022,Rafaelita Blaksland,Australia,Drinking Coco,396,11550
5-31-2022,Karlen McCaffrey,India,Drinking Coco,233,4795
7-15-2022,Beverie Moffet,India,Drinking Coco,46,6055
5-18-2022,Wilone O'Kielt,UK,Drinking Coco,55,3388
7-27-2022,Gigi Bohling,Australia,Drinking Coco,139,2807
7-27-2022,Brien Boise,Australia,Drinking Coco,156,6832
7-26-2022,Kelci Walkden,USA,Drinking Coco,160,6454
4-4-2022,Van Tuxwell,UK,Drinking Coco,136,5803
1-14-2022,Gunar Cockshoot,Australia,Drinking Coco,195,2317
1-11-2022,Dennison Crosswaite,New Zealand,Drinking Coco,197,4109
1-28-2022,Barr Faughny,India,Drinking Coco,142,2219
5-23-2022,Andria Kimpton,UK,Drinking Coco,65,1554
3-7-2022,Mallorie Waber,India,Drinking Coco,142,3948
5-10-2022,Dennison Crosswaite,USA,Drinking Coco,138,2191
6-29-2022,Karlen McCaffrey,USA,Drinking Coco,223,112
1-14-2022,Jehu Rudeforth,Australia,Drinking Coco,65,2611
6-30-2022,Gigi Bohling,UK,Drinking Coco,42,5782
6-20-2022,Rafaelita Blaksland,USA,Drinking Coco,73,8526
3-10-2022,Kelci Walkden,New Zealand,Drinking Coco,111,15855
5-9-2022,Gunar Cockshoot,USA,Drinking Coco,5,3843
7-6-2022,Gigi Bohling,Canada,Drinking Coco,82,3549
5-12-2022,Roddy Speechley,Australia,Drinking Coco,102,12565
2-7-2022,Curtice Advani,USA,Drinking Coco,142,5187
7-12-2022,Rafaelita Blaksland,Canada,Drinking Coco,200,9884
7-4-2022,Kelci Walkden,India,Drinking Coco,234,7532
6-6-2022,Brien Boise,New Zealand,Drinking Coco,100,1582
2-21-2022,Roddy Speechley,USA,Drinking Coco,155,3003
5-27-2022,Mallorie Waber,UK,Drinking Coco,100,3423
2-18-2022,Jan Morforth,Australia,Drinking Coco,24,2821
7-21-2022,Oby Sorrel,India,Drinking Coco,130,16380
1-12-2022,Beverie Moffet,New Zealand,Drinking Coco,518,1141
4-18-2022,Barr Faughny,Canada,Drinking Coco,247,6237
2-3-2022,Jehu Rudeforth,UK,Drinking Coco,438,7140
7-13-2022,Dennison Crosswaite,Australia,Drinking Coco,194,7091
6-14-2022,Wilone O'Kielt,USA,Drinking Coco,98,1029
2-16-2022,Ches Bonnell,New Zealand,Drinking Coco,131,8302
7-12-2022,Curtice Advani,UK,Drinking Coco,174,455
1-27-2022,Brien Boise,UK,Drinking Coco,133,5754
4-20-2022,Kelci Walkden,UK,Drinking Coco,23,1792
7-5-2022,Beverie Moffet,Canada,Drinking Coco,118,994
3-11-2022,Oby Sorrel,USA,Drinking Coco,44,7714
3-3-2022,Camilla Castle,Canada,Drinking Coco,264,12481
1-27-2022,Kaine Padly,UK,Drinking Coco,224,2317
6-15-2022,Van Tuxwell,Canada,Drinking Coco,709,4900
5-4-2022,Kelci Walkden,Australia,Drinking Coco,60,1288
8-8-2022,Camilla Castle,India,Drinking Coco,163,469
3-29-2022,Marney O'Breen,UK,Drinking Coco,28,973
5-31-2022,Roddy Speechley,India,Drinking Coco,11,4494
5-17-2022,Roddy Speechley,Canada,Drinking Coco,312,6776
1-10-2022,Dennison Crosswaite,Canada,Drinking Coco,24,2702
1-13-2022,Mallorie Waber,Canada,Eclairs,286,1442
6-27-2022,Brien Boise,Australia,Eclairs,88,6888
2-28-2022,Kaine Padly,Australia,Eclairs,115,7672
7-7-2022,Husein Augar,USA,Eclairs,112,4025
6-10-2022,Roddy Speechley,India,Eclairs,303,4382
3-24-2022,Dennison Crosswaite,UK,Eclairs,270,6188
6-20-2022,Beverie Moffet,Australia,Eclairs,6,1827
4-19-2022,Kelci Walkden,India,Eclairs,80,5334
3-23-2022,Kelci Walkden,Australia,Eclairs,547,7273
1-25-2022,Kelci Walkden,UK,Eclairs,57,4606
1-5-2022,Jan Morforth,India,Eclairs,27,2541
7-5-2022,Ches Bonnell,Australia,Eclairs,128,4116
1-25-2022,Karlen McCaffrey,UK,Eclairs,196,7798
4-20-2022,Karlen McCaffrey,Canada,Eclairs,358,3479
3-18-2022,Madelene Upcott,USA,Eclairs,200,8883
4-29-2022,Brien Boise,India,Eclairs,61,1351
1-26-2022,Dotty Strutley,Australia,Eclairs,3,6979
3-22-2022,Mallorie Waber,USA,Eclairs,51,6328
3-15-2022,Dennison Crosswaite,Canada,Eclairs,45,455
1-10-2022,Ches Bonnell,Canada,Eclairs,172,1876
1-13-2022,Marney O'Breen,India,Eclairs,96,3472
4-13-2022,Gunar Cockshoot,UK,Eclairs,164,3619
7-4-2022,Husein Augar,Australia,Eclairs,31,6993
5-3-2022,Gunar Cockshoot,USA,Eclairs,42,6916
5-6-2022,Karlen McCaffrey,New Zealand,Eclairs,177,2597
6-21-2022,Gigi Bohling,India,Eclairs,68,3493
8-25-2022,Oby Sorrel,India,Eclairs,322,5663
3-28-2022,Barr Faughny,New Zealand,Eclairs,31,6713
1-17-2022,Husein Augar,Canada,Eclairs,233,3696
2-24-2022,Jehu Rudeforth,India,Eclairs,127,8771
4-25-2022,Roddy Speechley,USA,Eclairs,155,3990
8-22-2022,Kaine Padly,USA,Eclairs,10,7623
4-27-2022,Rafaelita Blaksland,UK,Eclairs,70,1379
8-11-2022,Andria Kimpton,Canada,Eclairs,125,308
3-25-2022,Curtice Advani,Australia,Eclairs,55,5796
3-8-2022,Roddy Speechley,Canada,Eclairs,88,6237
3-11-2022,Wilone O'Kielt,New Zealand,Eclairs,22,3311
5-25-2022,Dennison Crosswaite,USA,Eclairs,90,2044
2-7-2022,Rafaelita Blaksland,New Zealand,Eclairs,51,19481
4-22-2022,Beverie Moffet,UK,Eclairs,155,8463
1-18-2022,Marney O'Breen,New Zealand,Eclairs,31,4914
8-30-2022,Husein Augar,UK,Eclairs,252,1750
4-4-2022,Ches Bonnell,New Zealand,Eclairs,49,490
3-1-2022,Van Tuxwell,New Zealand,Eclairs,182,5229
6-29-2022,Van Tuxwell,UK,Eclairs,109,5474
4-12-2022,Mallorie Waber,India,Eclairs,46,10437
4-12-2022,Gigi Bohling,Australia,Eclairs,136,7252
8-15-2022,Karlen McCaffrey,USA,Eclairs,125,868
8-22-2022,Mallorie Waber,Australia,Eclairs,222,9527
6-9-2022,Beverie Moffet,India,Eclairs,147,10325
5-16-2022,Andria Kimpton,India,Eclairs,84,2149
2-25-2022,Wilone O'Kielt,India,Eclairs,76,3549
1-20-2022,Kaine Padly,New Zealand,Eclairs,48,12894
2-9-2022,Husein Augar,India,Eclairs,58,4956
6-10-2022,Camilla Castle,USA,Eclairs,392,4515
7-11-2022,Brien Boise,New Zealand,Eclairs,299,4690
7-21-2022,Van Tuxwell,India,Eclairs,106,10500
5-6-2022,Curtice Advani,Canada,Eclairs,203,721
5-19-2022,Oby Sorrel,Canada,Eclairs,591,6111
7-28-2022,Dotty Strutley,India,Eclairs,384,2086
1-26-2022,Karlen McCaffrey,India,Fruit & Nut Bars,321,168
7-7-2022,Curtice Advani,India,Fruit & Nut Bars,176,5243
6-6-2022,Brien Boise,Australia,Fruit & Nut Bars,23,8575
6-30-2022,Barr Faughny,Australia,Fruit & Nut Bars,55,15421
8-23-2022,Dotty Strutley,Australia,Fruit & Nut Bars,311,280
6-29-2022,Kelci Walkden,UK,Fruit & Nut Bars,482,13006
7-15-2022,Andria Kimpton,USA,Fruit & Nut Bars,359,1456
1-5-2022,Madelene Upcott,Australia,Fruit & Nut Bars,92,5579
6-15-2022,Gunar Cockshoot,Australia,Fruit & Nut Bars,21,6013
4-4-2022,Gigi Bohling,New Zealand,Fruit & Nut Bars,121,10976
1-28-2022,Barr Faughny,USA,Fruit & Nut Bars,46,9058
1-18-2022,Rafaelita Blaksland,USA,Fruit & Nut Bars,65,2604
6-15-2022,Wilone O'Kielt,Australia,Fruit & Nut Bars,102,392
5-4-2022,Jan Morforth,India,Fruit & Nut Bars,55,2912
5-4-2022,Dennison Crosswaite,USA,Fruit & Nut Bars,318,1414
4-6-2022,Gigi Bohling,UK,Fruit & Nut Bars,86,1232
6-24-2022,Curtice Advani,UK,Fruit & Nut Bars,136,10927
4-13-2022,Marney O'Breen,India,Fruit & Nut Bars,151,4753
4-4-2022,Curtice Advani,Canada,Fruit & Nut Bars,195,4193
3-24-2022,Gunar Cockshoot,Canada,Fruit & Nut Bars,203,13888
2-7-2022,Karlen McCaffrey,New Zealand,Fruit & Nut Bars,135,1218
5-24-2022,Gigi Bohling,USA,Fruit & Nut Bars,112,2821
6-14-2022,Roddy Speechley,USA,Fruit & Nut Bars,24,5509
4-26-2022,Barr Faughny,New Zealand,Fruit & Nut Bars,147,1687
3-9-2022,Gunar Cockshoot,USA,Fruit & Nut Bars,93,5852
8-25-2022,Marney O'Breen,New Zealand,Fruit & Nut Bars,4,8939
6-20-2022,Kaine Padly,Australia,Fruit & Nut Bars,85,7434
7-25-2022,Jan Morforth,Canada,Fruit & Nut Bars,199,8904
1-17-2022,Van Tuxwell,New Zealand,Fruit & Nut Bars,88,2996
4-22-2022,Beverie Moffet,Australia,Fruit & Nut Bars,258,1435
1-18-2022,Madelene Upcott,New Zealand,Fruit & Nut Bars,21,5677
2-17-2022,Kelci Walkden,USA,Fruit & Nut Bars,145,4816
4-4-2022,Husein Augar,India,Fruit & Nut Bars,226,4340
7-5-2022,Van Tuxwell,USA,Fruit & Nut Bars,235,6279
1-5-2022,Madelene Upcott,UK,Fruit & Nut Bars,189,8512
1-28-2022,Husein Augar,Australia,Fruit & Nut Bars,53,7959
6-27-2022,Jan Morforth,USA,Fruit & Nut Bars,361,4382
7-13-2022,Dotty Strutley,USA,Fruit & Nut Bars,276,2898
7-11-2022,Wilone O'Kielt,New Zealand,Fruit & Nut Bars,98,6426
8-24-2022,Rafaelita Blaksland,Canada,Fruit & Nut Bars,185,483
6-14-2022,Gigi Bohling,Canada,Fruit & Nut Bars,103,5782
6-10-2022,Gunar Cockshoot,New Zealand,Fruit & Nut Bars,419,9205
6-20-2022,Kelci Walkden,Canada,Fruit & Nut Bars,149,826
7-29-2022,Dennison Crosswaite,India,Fruit & Nut Bars,24,952
6-2-2022,Karlen McCaffrey,Canada,Fruit & Nut Bars,16,210
4-28-2022,Husein Augar,USA,Fruit & Nut Bars,27,1288
8-8-2022,Wilone O'Kielt,Canada,Fruit & Nut Bars,181,3437
1-14-2022,Oby Sorrel,Canada,Fruit & Nut Bars,158,1869
2-14-2022,Beverie Moffet,Canada,Fruit & Nut Bars,180,10332
5-13-2022,Jehu Rudeforth,UK,Fruit & Nut Bars,229,8589
6-15-2022,Dennison Crosswaite,New Zealand,Manuka Honey Choco,301,5061
5-11-2022,Wilone O'Kielt,Australia,Manuka Honey Choco,94,4284
7-22-2022,Roddy Speechley,USA,Manuka Honey Choco,315,9583
7-4-2022,Karlen McCaffrey,India,Manuka Honey Choco,581,2443
2-16-2022,Kelci Walkden,USA,Manuka Honey Choco,87,17318
1-12-2022,Kaine Padly,Australia,Manuka Honey Choco,264,2765
6-28-2022,Gigi Bohling,New Zealand,Manuka Honey Choco,272,8267
4-13-2022,Mallorie Waber,New Zealand,Manuka Honey Choco,11,9436
8-10-2022,Dotty Strutley,USA,Manuka Honey Choco,210,273
3-15-2022,Husein Augar,Australia,Manuka Honey Choco,92,7161
7-4-2022,Mallorie Waber,USA,Manuka Honey Choco,96,5425
6-27-2022,Gunar Cockshoot,UK,Manuka Honey Choco,46,6762
5-30-2022,Ches Bonnell,UK,Manuka Honey Choco,395,4221
3-17-2022,Camilla Castle,Australia,Manuka Honey Choco,169,637
7-11-2022,Wilone O'Kielt,New Zealand,Manuka Honey Choco,234,3724
1-14-2022,Kaine Padly,UK,Manuka Honey Choco,118,7133
2-24-2022,Van Tuxwell,Canada,Manuka Honey Choco,46,8617
5-12-2022,Gigi Bohling,India,Manuka Honey Choco,73,4935
5-31-2022,Van Tuxwell,USA,Manuka Honey Choco,102,2317
6-14-2022,Brien Boise,New Zealand,Manuka Honey Choco,42,14980
3-7-2022,Mallorie Waber,Canada,Manuka Honey Choco,112,1435
6-10-2022,Marney O'Breen,UK,Manuka Honey Choco,179,10983
8-9-2022,Brien Boise,Canada,Manuka Honey Choco,182,6930
2-1-2022,Karlen McCaffrey,USA,Manuka Honey Choco,67,10171
4-5-2022,Marney O'Breen,Australia,Manuka Honey Choco,236,13076
1-18-2022,Kaine Padly,Canada,Manuka Honey Choco,135,10213
4-22-2022,Dotty Strutley,Canada,Manuka Honey Choco,111,11550
8-3-2022,Rafaelita Blaksland,Australia,Manuka Honey Choco,131,4396
3-21-2022,Camilla Castle,USA,Manuka Honey Choco,179,16401
2-24-2022,Barr Faughny,New Zealand,Manuka Honey Choco,239,5474
7-21-2022,Andria Kimpton,Canada,Manuka Honey Choco,488,4858
7-28-2022,Jan Morforth,New Zealand,Manuka Honey Choco,271,1589
5-23-2022,Curtice Advani,India,Manuka Honey Choco,170,1547
6-28-2022,Brien Boise,UK,Manuka Honey Choco,103,70
4-8-2022,Kelci Walkden,New Zealand,Manuka Honey Choco,106,1358
7-25-2022,Oby Sorrel,USA,Manuka Honey Choco,86,4340
8-25-2022,Barr Faughny,Canada,Manuka Honey Choco,249,3402
8-22-2022,Brien Boise,USA,Manuka Honey Choco,8,1904
3-30-2022,Andria Kimpton,Australia,Manuka Honey Choco,377,9744
5-6-2022,Beverie Moffet,India,Manuka Honey Choco,167,9835
6-15-2022,Mallorie Waber,UK,Manuka Honey Choco,43,8379
8-18-2022,Jan Morforth,UK,Manuka Honey Choco,212,3388
1-26-2022,Oby Sorrel,Australia,Manuka Honey Choco,76,3906
4-5-2022,Jehu Rudeforth,Canada,Manuka Honey Choco,200,3584
2-7-2022,Curtice Advani,UK,Manuka Honey Choco,106,1666
2-16-2022,Beverie Moffet,Canada,Milk Bars,250,8799
2-14-2022,Curtice Advani,Australia,Milk Bars,18,6979
7-13-2022,Roddy Speechley,Canada,Milk Bars,32,609
7-28-2022,Marney O'Breen,Australia,Milk Bars,387,2464
7-25-2022,Van Tuxwell,UK,Milk Bars,90,4263
2-21-2022,Jehu Rudeforth,Canada,Milk Bars,12,7203
7-29-2022,Mallorie Waber,Australia,Milk Bars,104,2779
3-2-2022,Roddy Speechley,New Zealand,Milk Bars,116,5446
5-25-2022,Beverie Moffet,Australia,Milk Bars,390,735
3-2-2022,Husein Augar,USA,Milk Bars,56,854
6-20-2022,Van Tuxwell,Australia,Milk Bars,87,7910
8-17-2022,Ches Bonnell,New Zealand,Milk Bars,126,4389
1-27-2022,Karlen McCaffrey,USA,Milk Bars,7,4389
4-21-2022,Dennison Crosswaite,India,Milk Bars,96,1526
1-14-2022,Marney O'Breen,New Zealand,Milk Bars,315,7490
7-7-2022,Kelci Walkden,Canada,Milk Bars,28,16016
5-2-2022,Kaine Padly,India,Milk Bars,91,2905
1-10-2022,Mallorie Waber,UK,Milk Bars,284,3563
2-8-2022,Marney O'Breen,Canada,Milk Bars,309,2436
4-15-2022,Kelci Walkden,India,Milk Bars,107,966
6-15-2022,Kaine Padly,USA,Milk Bars,58,15491
6-21-2022,Oby Sorrel,Australia,Milk Bars,254,7672
5-17-2022,Gigi Bohling,UK,Milk Bars,232,1365
3-7-2022,Dennison Crosswaite,UK,Milk Bars,407,10808
5-12-2022,Dennison Crosswaite,USA,Milk Bars,60,777
7-7-2022,Brien Boise,USA,Milk Bars,130,14301
6-9-2022,Kaine Padly,Australia,Milk Bars,89,4046
5-3-2022,Jehu Rudeforth,UK,Milk Bars,227,12068
2-11-2022,Andria Kimpton,UK,Milk Bars,293,14336
2-10-2022,Gigi Bohling,Canada,Milk Bars,116,3052
1-12-2022,Oby Sorrel,New Zealand,Milk Bars,187,4494
6-9-2022,Dennison Crosswaite,Australia,Milk Bars,286,10038
7-15-2022,Wilone O'Kielt,USA,Milk Bars,93,5012
2-22-2022,Brien Boise,India,Milk Bars,251,13503
7-27-2022,Brien Boise,Australia,Milk Bars,52,1981
4-5-2022,Curtice Advani,India,Milk Bars,201,3437
4-15-2022,Beverie Moffet,India,Milk Bars,323,1869
3-18-2022,Jehu Rudeforth,Australia,Milk Bars,29,8659
2-24-2022,Kelci Walkden,Australia,Milk Bars,125,7910
7-11-2022,Oby Sorrel,UK,Milk Bars,223,6468
7-21-2022,Ches Bonnell,USA,Milk Bars,157,2408
6-14-2022,Oby Sorrel,USA,Milk Bars,79,1736
5-16-2022,Roddy Speechley,USA,Milk Bars,252,2807
8-26-2022,Wilone O'Kielt,UK,Milk Bars,65,301
6-16-2022,Gigi Bohling,USA,Milk Bars,133,476
3-2-2022,Barr Faughny,UK,Milk Bars,430,3864
5-18-2022,Jehu Rudeforth,New Zealand,Milk Bars,188,2478
4-26-2022,Madelene Upcott,Canada,Milk Bars,82,3612
3-29-2022,Madelene Upcott,New Zealand,Milk Bars,403,12558
1-4-2022,Jehu Rudeforth,UK,Mint Chip Choco,180,5320
8-1-2022,Brien Boise,New Zealand,Mint Chip Choco,181,63
6-13-2022,Camilla Castle,New Zealand,Mint Chip Choco,190,1162
2-21-2022,Ches Bonnell,Australia,Mint Chip Choco,92,9660
4-5-2022,Dennison Crosswaite,New Zealand,Mint Chip Choco,417,6454
8-19-2022,Wilone O'Kielt,New Zealand,Mint Chip Choco,242,11662
4-8-2022,Ches Bonnell,UK,Mint Chip Choco,209,2688
7-15-2022,Karlen McCaffrey,India,Mint Chip Choco,184,10990
8-1-2022,Dotty Strutley,Australia,Mint Chip Choco,25,6790
5-5-2022,Roddy Speechley,Australia,Mint Chip Choco,252,6797
5-25-2022,Brien Boise,USA,Mint Chip Choco,150,10577
6-29-2022,Mallorie Waber,UK,Mint Chip Choco,2,6384
6-30-2022,Jan Morforth,New Zealand,Mint Chip Choco,285,18340
1-28-2022,Brien Boise,Canada,Mint Chip Choco,178,5033
7-1-2022,Gunar Cockshoot,Canada,Mint Chip Choco,410,7756
2-15-2022,Karlen McCaffrey,USA,Mint Chip Choco,53,15652
2-21-2022,Dotty Strutley,USA,Mint Chip Choco,248,5292
6-27-2022,Van Tuxwell,New Zealand,Mint Chip Choco,103,4046
2-21-2022,Barr Faughny,New Zealand,Mint Chip Choco,145,6440
7-28-2022,Kelci Walkden,India,Mint Chip Choco,120,2870
7-7-2022,Barr Faughny,UK,Mint Chip Choco,316,3724
8-24-2022,Madelene Upcott,India,Mint Chip Choco,71,3836
5-2-2022,Madelene Upcott,Australia,Mint Chip Choco,153,2751
6-9-2022,Beverie Moffet,New Zealand,Mint Chip Choco,97,4361
4-1-2022,Jan Morforth,Canada,Mint Chip Choco,211,1064
1-31-2022,Mallorie Waber,New Zealand,Mint Chip Choco,107,1316
1-18-2022,Ches Bonnell,New Zealand,Mint Chip Choco,229,9058
2-15-2022,Andria Kimpton,New Zealand,Mint Chip Choco,211,8848
2-22-2022,Jan Morforth,Australia,Mint Chip Choco,103,17626
1-26-2022,Curtice Advani,New Zealand,Mint Chip Choco,265,3220
8-24-2022,Curtice Advani,USA,Mint Chip Choco,296,4802
8-8-2022,Gunar Cockshoot,India,Mint Chip Choco,67,4256
3-23-2022,Dennison Crosswaite,India,Mint Chip Choco,138,13573
5-17-2022,Kaine Padly,Australia,Mint Chip Choco,159,4403
8-22-2022,Wilone O'Kielt,India,Mint Chip Choco,51,1309
4-8-2022,Dennison Crosswaite,Canada,Mint Chip Choco,289,1694
3-2-2022,Karlen McCaffrey,New Zealand,Mint Chip Choco,61,4326
5-26-2022,Camilla Castle,UK,Mint Chip Choco,317,4977
3-11-2022,Madelene Upcott,New Zealand,Mint Chip Choco,4,7413
7-14-2022,Dotty Strutley,UK,Mint Chip Choco,216,2443
1-26-2022,Rafaelita Blaksland,India,Mint Chip Choco,85,15491
1-12-2022,Barr Faughny,India,Mint Chip Choco,465,7413
3-3-2022,Curtice Advani,India,Mint Chip Choco,96,8155
4-14-2022,Dotty Strutley,India,Mint Chip Choco,239,1260
1-13-2022,Van Tuxwell,Australia,Mint Chip Choco,295,2674
3-10-2022,Barr Faughny,USA,Orange Choco,11,3703
1-27-2022,Marney O'Breen,USA,Orange Choco,181,7595
5-12-2022,Karlen McCaffrey,USA,Orange Choco,401,11095
4-1-2022,Roddy Speechley,New Zealand,Orange Choco,97,49
6-7-2022,Kelci Walkden,India,Orange Choco,138,9408
6-28-2022,Husein Augar,Australia,Orange Choco,188,8897
7-12-2022,Curtice Advani,Australia,Orange Choco,136,854
3-23-2022,Jehu Rudeforth,Australia,Orange Choco,26,13706
4-27-2022,Ches Bonnell,UK,Orange Choco,54,14238
7-4-2022,Jan Morforth,Australia,Orange Choco,122,3199
6-27-2022,Roddy Speechley,India,Orange Choco,19,4053
6-10-2022,Ches Bonnell,USA,Orange Choco,69,1743
3-7-2022,Mallorie Waber,Australia,Orange Choco,275,14658
6-27-2022,Karlen McCaffrey,India,Orange Choco,149,3122
8-1-2022,Kelci Walkden,UK,Orange Choco,3,3640
2-23-2022,Dotty Strutley,USA,Orange Choco,107,1379
6-29-2022,Jan Morforth,USA,Orange Choco,146,980
6-6-2022,Marney O'Breen,UK,Orange Choco,12,11319
1-28-2022,Brien Boise,USA,Orange Choco,147,6020
2-9-2022,Roddy Speechley,Canada,Orange Choco,85,8148
3-23-2022,Mallorie Waber,Canada,Orange Choco,178,3577
3-16-2022,Dennison Crosswaite,New Zealand,Orange Choco,140,4571
6-29-2022,Kaine Padly,UK,Orange Choco,191,1960
2-3-2022,Kelci Walkden,USA,Orange Choco,138,1379
2-28-2022,Wilone O'Kielt,USA,Orange Choco,37,7042
5-16-2022,Madelene Upcott,USA,Orange Choco,138,7742
4-29-2022,Kelci Walkden,Australia,Orange Choco,432,11116
2-11-2022,Jan Morforth,New Zealand,Orange Choco,84,1225
6-14-2022,Andria Kimpton,New Zealand,Orange Choco,88,8169
6-23-2022,Jehu Rudeforth,Canada,Orange Choco,512,3857
6-15-2022,Jan Morforth,UK,Orange Choco,201,3780
4-15-2022,Madelene Upcott,Australia,Orange Choco,398,6713
5-10-2022,Beverie Moffet,Canada,Orange Choco,109,8722
2-1-2022,Mallorie Waber,New Zealand,Orange Choco,23,6510
3-18-2022,Dennison Crosswaite,India,Orange Choco,129,784
7-28-2022,Jehu Rudeforth,USA,Orange Choco,170,364
5-16-2022,Gigi Bohling,New Zealand,Orange Choco,307,8204
1-14-2022,Marney O'Breen,Canada,Orange Choco,425,2723
4-15-2022,Oby Sorrel,UK,Orange Choco,237,7315
2-17-2022,Camilla Castle,Canada,Orange Choco,54,7770
2-16-2022,Ches Bonnell,India,Orange Choco,256,1190
6-30-2022,Barr Faughny,Canada,Orange Choco,18,7602
6-30-2022,Husein Augar,India,Orange Choco,40,4361
3-9-2022,Gigi Bohling,Australia,Orange Choco,156,574
8-4-2022,Dotty Strutley,New Zealand,Orange Choco,146,2030
5-30-2022,Andria Kimpton,India,Orange Choco,421,301
4-27-2022,Oby Sorrel,Canada,Orange Choco,338,8757
1-26-2022,Beverie Moffet,Australia,Organic Choco Syrup,356,6790
2-14-2022,Van Tuxwell,Canada,Organic Choco Syrup,42,4067
5-16-2022,Marney O'Breen,Australia,Organic Choco Syrup,174,273
8-10-2022,Van Tuxwell,Australia,Organic Choco Syrup,14,19453
7-8-2022,Oby Sorrel,India,Organic Choco Syrup,56,6181
8-26-2022,Van Tuxwell,UK,Organic Choco Syrup,214,2002
1-10-2022,Roddy Speechley,Canada,Organic Choco Syrup,82,4032
7-7-2022,Wilone O'Kielt,Australia,Organic Choco Syrup,111,1743
5-16-2022,Van Tuxwell,India,Organic Choco Syrup,174,19929
3-31-2022,Kaine Padly,UK,Organic Choco Syrup,178,2282
6-28-2022,Curtice Advani,Australia,Organic Choco Syrup,311,3472
7-1-2022,Mallorie Waber,New Zealand,Organic Choco Syrup,256,5075
3-8-2022,Ches Bonnell,India,Organic Choco Syrup,99,16569
1-26-2022,Madelene Upcott,India,Organic Choco Syrup,38,4781
7-15-2022,Karlen McCaffrey,Canada,Organic Choco Syrup,312,2415
7-21-2022,Kelci Walkden,USA,Organic Choco Syrup,152,9870
5-10-2022,Dennison Crosswaite,Australia,Organic Choco Syrup,41,5775
5-25-2022,Brien Boise,USA,Organic Choco Syrup,138,16233
1-26-2022,Rafaelita Blaksland,Australia,Organic Choco Syrup,105,994
3-4-2022,Andria Kimpton,New Zealand,Organic Choco Syrup,39,4935
7-15-2022,Ches Bonnell,New Zealand,Organic Choco Syrup,85,7623
7-28-2022,Ches Bonnell,USA,Organic Choco Syrup,14,7721
1-4-2022,Andria Kimpton,Canada,Organic Choco Syrup,204,8204
7-5-2022,Oby Sorrel,Canada,Organic Choco Syrup,74,1232
7-21-2022,Madelene Upcott,UK,Organic Choco Syrup,163,6965
3-11-2022,Kaine Padly,USA,Organic Choco Syrup,22,2380
2-17-2022,Oby Sorrel,New Zealand,Organic Choco Syrup,270,15316
7-12-2022,Wilone O'Kielt,UK,Organic Choco Syrup,52,4858
8-10-2022,Gunar Cockshoot,USA,Organic Choco Syrup,321,2331
3-2-2022,Jan Morforth,New Zealand,Organic Choco Syrup,207,1799
1-18-2022,Andria Kimpton,India,Organic Choco Syrup,134,3955
7-5-2022,Madelene Upcott,Australia,Organic Choco Syrup,50,10794
5-24-2022,Beverie Moffet,New Zealand,Organic Choco Syrup,226,6678
2-22-2022,Curtice Advani,Canada,Organic Choco Syrup,22,791
7-8-2022,Marney O'Breen,New Zealand,Organic Choco Syrup,50,8624
4-12-2022,Jan Morforth,UK,Organic Choco Syrup,356,1197
7-18-2022,Dennison Crosswaite,USA,Organic Choco Syrup,126,12656
1-31-2022,Wilone O'Kielt,New Zealand,Organic Choco Syrup,277,2016
1-17-2022,Brien Boise,New Zealand,Organic Choco Syrup,313,637
3-10-2022,Barr Faughny,Canada,Organic Choco Syrup,205,1141
6-30-2022,Oby Sorrel,UK,Organic Choco Syrup,157,7980
6-3-2022,Gunar Cockshoot,India,Organic Choco Syrup,160,7196
1-27-2022,Dennison Crosswaite,India,Organic Choco Syrup,216,8428
1-7-2022,Barr Faughny,Australia,Organic Choco Syrup,33,2303
1-4-2022,Dennison Crosswaite,New Zealand,Organic Choco Syrup,229,371
2-8-2022,Husein Augar,Australia,Organic Choco Syrup,158,938
3-29-2022,Kaine Padly,Canada,Organic Choco Syrup,81,5684
7-15-2022,Brien Boise,Australia,Organic Choco Syrup,264,4263
6-23-2022,Beverie Moffet,India,Organic Choco Syrup,20,1036
7-4-2022,Roddy Speechley,Australia,Organic Choco Syrup,76,3647
1-28-2022,Dennison Crosswaite,Canada,Organic Choco Syrup,75,8491
7-26-2022,Ches Bonnell,Canada,Organic Choco Syrup,217,574
7-7-2022,Gigi Bohling,India,Peanut Butter Cubes,91,4501
4-27-2022,Jan Morforth,Australia,Peanut Butter Cubes,342,12726
2-24-2022,Jehu Rudeforth,UK,Peanut Butter Cubes,184,13685
8-3-2022,Marney O'Breen,New Zealand,Peanut Butter Cubes,173,8379
2-16-2022,Kaine Padly,USA,Peanut Butter Cubes,188,6790
7-22-2022,Jan Morforth,USA,Peanut Butter Cubes,102,9037
6-20-2022,Andria Kimpton,New Zealand,Peanut Butter Cubes,265,959
2-11-2022,Roddy Speechley,India,Peanut Butter Cubes,21,10283
1-10-2022,Marney O'Breen,India,Peanut Butter Cubes,146,6489
7-4-2022,Kaine Padly,Canada,Peanut Butter Cubes,176,3269
6-7-2022,Barr Faughny,Canada,Peanut Butter Cubes,78,2100
3-25-2022,Kaine Padly,Australia,Peanut Butter Cubes,286,5460
7-15-2022,Camilla Castle,India,Peanut Butter Cubes,277,11837
5-11-2022,Kaine Padly,UK,Peanut Butter Cubes,86,6272
2-7-2022,Dennison Crosswaite,UK,Peanut Butter Cubes,158,8925
3-4-2022,Ches Bonnell,New Zealand,Peanut Butter Cubes,273,889
6-24-2022,Jehu Rudeforth,Australia,Peanut Butter Cubes,38,5691
1-4-2022,Jan Morforth,India,Peanut Butter Cubes,178,8092
2-25-2022,Roddy Speechley,USA,Peanut Butter Cubes,137,1736
4-20-2022,Andria Kimpton,Australia,Peanut Butter Cubes,148,6678
8-12-2022,Karlen McCaffrey,Canada,Peanut Butter Cubes,159,3094
4-15-2022,Ches Bonnell,UK,Peanut Butter Cubes,260,2156
1-27-2022,Ches Bonnell,India,Peanut Butter Cubes,208,22050
8-18-2022,Beverie Moffet,USA,Peanut Butter Cubes,339,13930
1-28-2022,Madelene Upcott,New Zealand,Peanut Butter Cubes,333,5152
4-8-2022,Kelci Walkden,Canada,Peanut Butter Cubes,44,7532
5-23-2022,Mallorie Waber,USA,Peanut Butter Cubes,18,1162
6-24-2022,Van Tuxwell,Canada,Peanut Butter Cubes,282,6342
7-21-2022,Camilla Castle,New Zealand,Peanut Butter Cubes,62,1582
1-10-2022,Brien Boise,UK,Peanut Butter Cubes,30,15330
5-9-2022,Gigi Bohling,USA,Peanut Butter Cubes,75,280
2-23-2022,Beverie Moffet,New Zealand,Peanut Butter Cubes,30,10822
8-17-2022,Roddy Speechley,UK,Peanut Butter Cubes,171,5691
5-9-2022,Husein Augar,India,Peanut Butter Cubes,5,4522
5-19-2022,Curtice Advani,Canada,Peanut Butter Cubes,63,4935
2-16-2022,Husein Augar,New Zealand,Peanut Butter Cubes,236,2058
7-5-2022,Madelene Upcott,Canada,Peanut Butter Cubes,113,14763
6-7-2022,Oby Sorrel,Canada,Peanut Butter Cubes,167,12425
3-1-2022,Curtice Advani,UK,Peanut Butter Cubes,165,15008
4-14-2022,Jehu Rudeforth,India,Peanut Butter Cubes,446,28
2-16-2022,Dotty Strutley,India,Peanut Butter Cubes,73,9107
3-15-2022,Curtice Advani,New Zealand,Peanut Butter Cubes,434,1533
3-14-2022,Ches Bonnell,Australia,Peanut Butter Cubes,68,10199
6-15-2022,Marney O'Breen,USA,Peanut Butter Cubes,350,693
7-19-2022,Camilla Castle,UK,Peanut Butter Cubes,126,4872
8-12-2022,Madelene Upcott,UK,Peanut Butter Cubes,85,7756
3-8-2022,Marney O'Breen,Canada,Peanut Butter Cubes,91,6594
2-16-2022,Andria Kimpton,Canada,Peanut Butter Cubes,319,1127
8-19-2022,Brien Boise,Australia,Peanut Butter Cubes,205,301
4-15-2022,Karlen McCaffrey,USA,Raspberry Choco,354,14749
4-19-2022,Beverie Moffet,USA,Raspberry Choco,83,14798
6-30-2022,Andria Kimpton,USA,Raspberry Choco,21,14504
7-7-2022,Madelene Upcott,India,Raspberry Choco,9,4221
3-14-2022,Dennison Crosswaite,Australia,Raspberry Choco,31,5740
4-14-2022,Oby Sorrel,India,Raspberry Choco,46,6832
4-12-2022,Barr Faughny,USA,Raspberry Choco,101,9282
2-22-2022,Gigi Bohling,India,Raspberry Choco,159,2583
7-29-2022,Barr Faughny,New Zealand,Raspberry Choco,66,6468
3-16-2022,Van Tuxwell,UK,Raspberry Choco,79,6538
8-22-2022,Barr Faughny,UK,Raspberry Choco,69,5481
8-3-2022,Dotty Strutley,Canada,Raspberry Choco,238,4347
3-17-2022,Gunar Cockshoot,Australia,Raspberry Choco,72,602
6-23-2022,Gunar Cockshoot,Canada,Raspberry Choco,126,2058
5-18-2022,Madelene Upcott,New Zealand,Raspberry Choco,415,9226
3-15-2022,Curtice Advani,USA,Raspberry Choco,139,2996
2-17-2022,Oby Sorrel,Australia,Raspberry Choco,120,1043
1-18-2022,Dennison Crosswaite,USA,Raspberry Choco,257,6524
5-13-2022,Oby Sorrel,New Zealand,Raspberry Choco,281,4550
6-16-2022,Oby Sorrel,Canada,Raspberry Choco,208,1750
5-20-2022,Camilla Castle,USA,Raspberry Choco,18,3339
5-9-2022,Karlen McCaffrey,Canada,Raspberry Choco,224,651
8-23-2022,Camilla Castle,Australia,Raspberry Choco,178,6342
5-30-2022,Brien Boise,India,Raspberry Choco,164,6328
6-7-2022,Kelci Walkden,Australia,Raspberry Choco,56,679
8-9-2022,Gigi Bohling,New Zealand,Raspberry Choco,176,1127
6-14-2022,Brien Boise,Canada,Raspberry Choco,45,2800
3-17-2022,Van Tuxwell,Canada,Raspberry Choco,130,1267
8-11-2022,Gunar Cockshoot,UK,Raspberry Choco,344,6811
8-24-2022,Gunar Cockshoot,New Zealand,Raspberry Choco,52,630
5-23-2022,Marney O'Breen,USA,Raspberry Choco,151,6069
4-4-2022,Camilla Castle,New Zealand,Raspberry Choco,137,4746
8-26-2022,Madelene Upcott,UK,Raspberry Choco,341,7357
3-30-2022,Gigi Bohling,Australia,Raspberry Choco,303,6524
4-8-2022,Oby Sorrel,UK,Raspberry Choco,323,4599
3-2-2022,Mallorie Waber,India,Raspberry Choco,2,1400
3-4-2022,Jehu Rudeforth,USA,Raspberry Choco,133,7154
1-19-2022,Rafaelita Blaksland,Australia,Raspberry Choco,259,6916
2-10-2022,Dotty Strutley,New Zealand,Raspberry Choco,91,5845
1-28-2022,Roddy Speechley,UK,Raspberry Choco,194,12635
5-27-2022,Barr Faughny,Australia,Raspberry Choco,100,9268
6-16-2022,Kelci Walkden,India,Raspberry Choco,254,8183
7-13-2022,Madelene Upcott,Australia,Raspberry Choco,88,6321
8-23-2022,Karlen McCaffrey,Australia,Raspberry Choco,57,994
1-3-2022,Dotty Strutley,USA,Raspberry Choco,46,3437
4-25-2022,Mallorie Waber,Australia,Raspberry Choco,27,8400
6-15-2022,Husein Augar,India,Raspberry Choco,154,9954
1-12-2022,Brien Boise,USA,Raspberry Choco,194,672
6-6-2022,Van Tuxwell,India,Smooth Sliky Salty,38,5376
1-13-2022,Rafaelita Blaksland,UK,Smooth Sliky Salty,62,4704
4-5-2022,Roddy Speechley,USA,Smooth Sliky Salty,140,3017
1-19-2022,Kelci Walkden,UK,Smooth Sliky Salty,175,5929
8-10-2022,Roddy Speechley,India,Smooth Sliky Salty,140,5103
7-11-2022,Ches Bonnell,UK,Smooth Sliky Salty,110,5663
1-18-2022,Brien Boise,New Zealand,Smooth Sliky Salty,27,1015
2-7-2022,Oby Sorrel,India,Smooth Sliky Salty,108,10101
7-11-2022,Jehu Rudeforth,Canada,Smooth Sliky Salty,138,5460
1-19-2022,Karlen McCaffrey,Canada,Smooth Sliky Salty,184,3017
6-14-2022,Van Tuxwell,New Zealand,Smooth Sliky Salty,42,3115
5-13-2022,Marney O'Breen,UK,Smooth Sliky Salty,88,18991
5-4-2022,Beverie Moffet,UK,Smooth Sliky Salty,76,4403
1-3-2022,Marney O'Breen,Australia,Smooth Sliky Salty,170,3745
6-14-2022,Marney O'Breen,New Zealand,Smooth Sliky Salty,57,8484
8-3-2022,Ches Bonnell,India,Smooth Sliky Salty,18,8043
7-7-2022,Oby Sorrel,New Zealand,Smooth Sliky Salty,60,8673
6-8-2022,Kaine Padly,UK,Smooth Sliky Salty,554,9016
5-6-2022,Rafaelita Blaksland,India,Smooth Sliky Salty,81,1638
5-16-2022,Ches Bonnell,Australia,Smooth Sliky Salty,54,7490
3-24-2022,Beverie Moffet,USA,Smooth Sliky Salty,352,2317
2-28-2022,Beverie Moffet,Canada,Smooth Sliky Salty,370,14287
3-4-2022,Madelene Upcott,UK,Smooth Sliky Salty,84,14539
1-25-2022,Beverie Moffet,Australia,Smooth Sliky Salty,467,10507
8-1-2022,Curtice Advani,Canada,Smooth Sliky Salty,12,2660
3-3-2022,Camilla Castle,Australia,Smooth Sliky Salty,118,7406
5-19-2022,Beverie Moffet,New Zealand,Smooth Sliky Salty,59,2387
7-7-2022,Jehu Rudeforth,USA,Smooth Sliky Salty,154,6657
3-2-2022,Gunar Cockshoot,India,Smooth Sliky Salty,70,3752
3-4-2022,Oby Sorrel,USA,Smooth Sliky Salty,158,3577
7-7-2022,Dennison Crosswaite,India,Smooth Sliky Salty,9,2975
8-3-2022,Jan Morforth,India,Smooth Sliky Salty,89,11298
3-17-2022,Dennison Crosswaite,Canada,Smooth Sliky Salty,479,1750
4-19-2022,Curtice Advani,India,Smooth Sliky Salty,135,19327
2-1-2022,Kelci Walkden,India,Smooth Sliky Salty,8,2464
7-22-2022,Gigi Bohling,USA,Smooth Sliky Salty,126,2583
7-8-2022,Andria Kimpton,Canada,Smooth Sliky Salty,79,1155
8-24-2022,Jehu Rudeforth,UK,Smooth Sliky Salty,113,1463
5-30-2022,Rafaelita Blaksland,Australia,Smooth Sliky Salty,243,3969
3-11-2022,Kelci Walkden,New Zealand,Smooth Sliky Salty,277,10633
7-27-2022,Rafaelita Blaksland,USA,Smooth Sliky Salty,212,15057
3-7-2022,Roddy Speechley,Canada,Smooth Sliky Salty,11,9338
3-17-2022,Kelci Walkden,Canada,Smooth Sliky Salty,118,8099
1-18-2022,Wilone O'Kielt,USA,Smooth Sliky Salty,87,504
1-10-2022,Gigi Bohling,New Zealand,Smooth Sliky Salty,97,700
5-31-2022,Oby Sorrel,UK,Smooth Sliky Salty,313,9625
3-16-2022,Ches Bonnell,Canada,Smooth Sliky Salty,121,9870
5-13-2022,Brien Boise,Canada,Smooth Sliky Salty,495,5691
5-27-2022,Brien Boise,India,Smooth Sliky Salty,26,5964
3-21-2022,Mallorie Waber,Canada,Smooth Sliky Salty,98,1939
4-12-2022,Kaine Padly,New Zealand,Smooth Sliky Salty,518,7
3-22-2022,Gunar Cockshoot,UK,Smooth Sliky Salty,148,749
1-25-2022,Barr Faughny,New Zealand,Smooth Sliky Salty,169,3990
6-2-2022,Wilone O'Kielt,Canada,Smooth Sliky Salty,166,4991
1-25-2022,Gigi Bohling,Australia,Smooth Sliky Salty,119,5768
2-11-2022,Mallorie Waber,Australia,Smooth Sliky Salty,109,4158
4-26-2022,Dennison Crosswaite,UK,Smooth Sliky Salty,142,546
1-4-2022,Wilone O'Kielt,Australia,Smooth Sliky Salty,46,2226
5-12-2022,Dennison Crosswaite,USA,Smooth Sliky Salty,91,11781
2-17-2022,Gunar Cockshoot,USA,Spicy Special Slims,157,1267
2-9-2022,Roddy Speechley,Canada,Spicy Special Slims,186,1652
2-23-2022,Andria Kimpton,India,Spicy Special Slims,142,6307
2-14-2022,Ches Bonnell,New Zealand,Spicy Special Slims,18,3556
2-11-2022,Camilla Castle,USA,Spicy Special Slims,244,1274
3-7-2022,Madelene Upcott,Australia,Spicy Special Slims,408,7182
3-4-2022,Brien Boise,Canada,Spicy Special Slims,101,8106
8-25-2022,Husein Augar,UK,Spicy Special Slims,42,4697
4-12-2022,Jan Morforth,India,Spicy Special Slims,520,1939
7-6-2022,Ches Bonnell,India,Spicy Special Slims,94,10906
1-13-2022,Jehu Rudeforth,Canada,Spicy Special Slims,27,1848
6-16-2022,Curtice Advani,Canada,Spicy Special Slims,118,854
1-21-2022,Gigi Bohling,USA,Spicy Special Slims,54,10829
1-4-2022,Rafaelita Blaksland,India,Spicy Special Slims,134,8064
7-1-2022,Kaine Padly,New Zealand,Spicy Special Slims,37,7728
8-10-2022,Dennison Crosswaite,Canada,Spicy Special Slims,216,2527
7-11-2022,Curtice Advani,USA,Spicy Special Slims,264,1603
8-2-2022,Karlen McCaffrey,Canada,Spicy Special Slims,47,6328
6-20-2022,Curtice Advani,India,Spicy Special Slims,134,161
6-28-2022,Gunar Cockshoot,New Zealand,Spicy Special Slims,183,6867
6-23-2022,Marney O'Breen,Australia,Spicy Special Slims,275,13125
1-3-2022,Marney O'Breen,Canada,Spicy Special Slims,336,3528
8-5-2022,Ches Bonnell,Canada,Spicy Special Slims,183,5327
8-31-2022,Kaine Padly,India,Spicy Special Slims,137,5614
4-11-2022,Van Tuxwell,India,Spicy Special Slims,4,6167
1-25-2022,Camilla Castle,New Zealand,Spicy Special Slims,24,11564
1-10-2022,Curtice Advani,New Zealand,Spicy Special Slims,469,4074
5-23-2022,Andria Kimpton,USA,Spicy Special Slims,5,2366
5-13-2022,Gunar Cockshoot,India,Spicy Special Slims,170,6510
1-17-2022,Dotty Strutley,Australia,Spicy Special Slims,91,8225
4-29-2022,Kelci Walkden,USA,Spicy Special Slims,69,77
6-29-2022,Mallorie Waber,Australia,Spicy Special Slims,287,5439
7-4-2022,Gigi Bohling,Canada,Spicy Special Slims,277,11956
8-12-2022,Dotty Strutley,India,Spicy Special Slims,204,910
8-11-2022,Kelci Walkden,New Zealand,Spicy Special Slims,65,658
2-17-2022,Beverie Moffet,UK,Spicy Special Slims,252,8680
8-22-2022,Husein Augar,India,Spicy Special Slims,33,2492
5-9-2022,Brien Boise,Australia,Spicy Special Slims,256,6223
4-21-2022,Beverie Moffet,India,Spicy Special Slims,171,3339
6-3-2022,Oby Sorrel,New Zealand,Spicy Special Slims,13,1617
1-28-2022,Brien Boise,India,Spicy Special Slims,33,1302
1-13-2022,Jehu Rudeforth,Australia,Spicy Special Slims,384,5012
4-5-2022,Gunar Cockshoot,Canada,Spicy Special Slims,12,13405
6-8-2022,Oby Sorrel,India,Spicy Special Slims,88,11137
8-3-2022,Rafaelita Blaksland,UK,Spicy Special Slims,133,9345
5-25-2022,Brien Boise,UK,Spicy Special Slims,58,2352
2-16-2022,Gunar Cockshoot,UK,Spicy Special Slims,200,12488
4-26-2022,Oby Sorrel,Australia,Spicy Special Slims,26,11389
6-13-2022,Kaine Padly,USA,Spicy Special Slims,175,2107
2-7-2022,Oby Sorrel,USA,Spicy Special Slims,417,5691
6-7-2022,Beverie Moffet,New Zealand,Spicy Special Slims,60,63
5-2-2022,Rafaelita Blaksland,Canada,Spicy Special Slims,156,2520
3-22-2022,Roddy Speechley,India,Spicy Special Slims,173,10647
5-17-2022,Karlen McCaffrey,Australia,Spicy Special Slims,323,4410
7-5-2022,Dennison Crosswaite,New Zealand,White Choc,151,9492
3-11-2022,Jehu Rudeforth,New Zealand,White Choc,241,2800
8-18-2022,Camilla Castle,USA,White Choc,24,9681
3-24-2022,Beverie Moffet,New Zealand,White Choc,7,7126
3-2-2022,Ches Bonnell,Australia,White Choc,202,1043
4-12-2022,Brien Boise,UK,White Choc,167,5299
7-4-2022,Barr Faughny,Australia,White Choc,370,8113
1-3-2022,Camilla Castle,UK,White Choc,187,9982
8-3-2022,Dennison Crosswaite,UK,White Choc,265,7238
6-30-2022,Beverie Moffet,UK,White Choc,76,6475
7-27-2022,Jan Morforth,Australia,White Choc,32,3472
1-5-2022,Karlen McCaffrey,Australia,White Choc,48,7357
2-25-2022,Mallorie Waber,New Zealand,White Choc,246,3171
7-15-2022,Beverie Moffet,Canada,White Choc,173,9275
6-27-2022,Beverie Moffet,Australia,White Choc,166,2240
7-5-2022,Barr Faughny,UK,White Choc,72,1652
3-7-2022,Kelci Walkden,USA,White Choc,22,9422
5-11-2022,Gigi Bohling,Australia,White Choc,87,5523
2-1-2022,Curtice Advani,UK,White Choc,73,1540
3-22-2022,Van Tuxwell,Canada,White Choc,3,420
1-13-2022,Husein Augar,UK,White Choc,145,10815
6-10-2022,Oby Sorrel,New Zealand,White Choc,40,4361
1-3-2022,Ches Bonnell,UK,White Choc,226,3269
2-11-2022,Ches Bonnell,USA,White Choc,341,5271
8-15-2022,Dotty Strutley,India,White Choc,330,12327
6-15-2022,Dotty Strutley,New Zealand,White Choc,60,7014
5-4-2022,Madelene Upcott,USA,White Choc,213,12250
7-13-2022,Husein Augar,USA,White Choc,60,2030
6-15-2022,Brien Boise,New Zealand,White Choc,321,5509
3-3-2022,Mallorie Waber,Canada,White Choc,72,3381
8-24-2022,Kelci Walkden,Australia,White Choc,168,8715
3-15-2022,Van Tuxwell,India,White Choc,44,1897
3-11-2022,Beverie Moffet,USA,White Choc,134,5292
5-11-2022,Husein Augar,Australia,White Choc,220,3171
6-22-2022,Jan Morforth,UK,White Choc,47,8799
6-29-2022,Jehu Rudeforth,UK,White Choc,284,1862
8-16-2022,Rafaelita Blaksland,USA,White Choc,126,4704
5-12-2022,Andria Kimpton,UK,White Choc,101,9037
1-17-2022,Karlen McCaffrey,India,White Choc,232,7483
7-11-2022,Gigi Bohling,Canada,White Choc,4,6587
7-4-2022,Curtice Advani,India,White Choc,342,7154
2-14-2022,Andria Kimpton,Canada,White Choc,29,4067
3-29-2022,Barr Faughny,Canada,White Choc,1,4291
1-25-2022,Jehu Rudeforth,Canada,White Choc,136,4627
8-11-2022,Gunar Cockshoot,Canada,White Choc,15,7560
4-13-2022,Gigi Bohling,India,White Choc,172,1393
5-5-2022,Barr Faughny,USA,White Choc,163,7420
6-27-2022,Oby Sorrel,UK,White Choc,286,1715
4-13-2022,Kelci Walkden,New Zealand,White Choc,150,7609
7-26-2022,Mallorie Waber,India,White Choc,213,819
7-4-2022,Beverie Moffet,India,White Choc,296,1813
8-22-2022,Madelene Upcott,New Zealand,White Choc,51,10794
8-25-2022,Brien Boise,Australia,White Choc,22,4879
8-24-2022,Karlen McCaffrey,USA,White Choc,2,4592
3-21-2022,Rafaelita Blaksland,Australia,White Choc,102,6818
4-5-2022,Roddy Speechley,Canada,White Choc,268,5887
7-5-2022,Dotty Strutley,Australia,White Choc,93,6055
6-7-2022,Jehu Rudeforth,USA,White Choc,119,6559
