"gender","ethnicity","parental_education","math_score","reading_score","writing_score","birth_date"
"Female","Multiracial","Bachelor's Degree",72,72,74,"2005-9-9"
"Female","White","Some College",69,90,88,"2006-2-18"
"Female","Multiracial","Master's Degree",90,95,93,"2003-7-25"
"Male","Other","Associate's Degree",47,57,44,"2003-3-5"
"Male","White","Some College",76,78,75,"2006-6-3"
"Female","Multiracial","Associate's Degree",71,83,78,"2006-12-26"
"Female","Multiracial","Some College",88,95,92,"2007-10-28"
"Male","Multiracial","Some College",40,43,39,"2004-10-21"
"Male","African_American","High School",64,64,67,"2007-2-7"
"Female","Multiracial","High School",38,60,50,"2006-1-1"
"Male","White","Associate's Degree",58,54,52,"2007-10-17"
"Male","African_American","Associate's Degree",40,52,43,"2003-3-18"
"Female","Multiracial","High School",65,81,73,"2007-1-28"
"Male","Other","Some College",78,72,70,"2003-4-2"
"Female","Other","Master's Degree",50,53,58,"2005-2-27"
"Female","White","Some High School",69,75,78,"2004-3-17"
"Male","White","High School",88,89,86,"2007-5-10"
"Female","Multiracial","Some High School",18,32,28,"2006-12-9"
"Male","White","Master's Degree",46,42,46,"2007-3-2"
"Female","White","Associate's Degree",54,58,61,"2005-2-25"
"Male","African_American","High School",66,69,63,"2007-6-21"
"Female","Multiracial","Some College",65,75,70,"2007-3-2"
"Male","African_American","Some College",44,54,53,"2003-8-19"
"Female","White","Some High School",69,73,73,"2005-5-28"
"Male","African_American","Bachelor's Degree",74,71,80,"2004-6-6"
"Male","Other","Master's Degree",73,74,72,"2004-9-8"
"Male","Multiracial","Some College",69,54,55,"2003-6-4"
"Female","White","Bachelor's Degree",67,69,75,"2005-10-23"
"Male","White","High School",70,70,65,"2003-8-14"
"Female","African_American","Master's Degree",62,70,75,"2007-3-28"
"Female","African_American","Some College",69,74,74,"2005-5-4"
"Female","Multiracial","Some College",63,65,61,"2006-10-14"
"Female","Asian","Master's Degree",56,72,65,"2006-10-13"
"Male","African_American","Some College",40,42,38,"2004-9-14"
"Male","Asian","Some College",97,87,82,"2007-10-18"
"Male","Asian","Associate's Degree",81,81,79,"2007-5-13"
"Female","African_American","Associate's Degree",74,81,83,"2007-12-23"
"Female","African_American","Some High School",50,64,59,"2004-10-22"
"Female","African_American","Associate's Degree",75,90,88,"2006-11-12"
"Male","Multiracial","Associate's Degree",57,56,57,"2005-4-22"
"Male","White","Associate's Degree",55,61,54,"2004-6-6"
"Female","White","Associate's Degree",58,73,68,"2006-6-8"
"Female","Multiracial","Associate's Degree",53,58,65,"2004-5-5"
"Male","Multiracial","Some College",59,65,66,"2004-2-7"
"Female","Asian","Associate's Degree",50,56,54,"2007-1-17"
"Male","Multiracial","Associate's Degree",65,54,57,"2006-8-14"
"Female","Other","Associate's Degree",55,65,62,"2005-6-8"
"Female","White","High School",66,71,76,"2006-1-6"
"Female","African_American","Associate's Degree",57,74,76,"2007-1-17"
"Male","White","High School",82,84,82,"2003-2-9"
"Male","Asian","Some College",53,55,48,"2005-2-16"
"Male","Asian","Associate's Degree",77,69,68,"2003-5-27"
"Male","White","Some College",53,44,42,"2003-1-1"
"Male","African_American","High School",88,78,75,"2004-6-17"
"Female","White","Some High School",71,84,87,"2005-9-16"
"Female","White","High School",33,41,43,"2005-2-15"
"Female","Asian","Associate's Degree",82,85,86,"2005-8-4"
"Male","African_American","Associate's Degree",52,55,49,"2004-7-13"
"Male","African_American","Some College",58,59,58,"2007-10-26"
"Female","White","Some High School",0,17,10,"2005-10-24"
"Male","Asian","Bachelor's Degree",79,74,72,"2004-11-17"
"Male","Other","Some High School",39,39,34,"2003-8-14"
"Male","Other","Associate's Degree",62,61,55,"2003-7-16"
"Female","White","Associate's Degree",69,80,71,"2006-3-18"
"Female","African_American","Some High School",59,58,59,"2006-6-24"
"Male","Multiracial","Some High School",67,64,61,"2007-7-11"
"Male","African_American","Some High School",45,37,37,"2007-2-12"
"Female","White","Some College",60,72,74,"2003-8-26"
"Male","Multiracial","Associate's Degree",61,58,56,"2005-9-11"
"Female","White","Associate's Degree",39,64,57,"2003-9-14"
"Female","African_American","Some College",58,63,73,"2005-11-3"
"Male","African_American","Some College",63,55,63,"2005-3-16"
"Female","Other","Associate's Degree",41,51,48,"2006-10-10"
"Male","White","Some High School",61,57,56,"2007-7-9"
"Male","White","Some High School",49,49,41,"2006-7-2"
"Male","Multiracial","Associate's Degree",44,41,38,"2003-7-13"
"Male","Asian","Some High School",30,26,22,"2007-1-2"
"Male","Other","Bachelor's Degree",80,78,81,"2004-2-23"
"Female","African_American","Some High School",61,74,72,"2004-11-8"
"Female","Asian","Master's Degree",62,68,68,"2004-12-15"
"Female","Multiracial","Associate's Degree",47,49,50,"2006-2-24"
"Male","Multiracial","High School",49,45,45,"2004-4-5"
"Male","Other","Some College",50,47,54,"2004-9-12"
"Male","Asian","Associate's Degree",72,64,63,"2005-9-15"
"Male","African_American","High School",42,39,34,"2005-2-13"
"Female","White","Some College",73,80,82,"2003-2-7"
"Female","White","Some College",76,83,88,"2004-8-17"
"Female","African_American","Associate's Degree",71,71,74,"2003-7-4"
"Female","Other","Some College",58,70,67,"2003-7-28"
"Female","African_American","Some High School",73,86,82,"2003-9-1"
"Female","White","Bachelor's Degree",65,72,74,"2005-12-28"
"Male","White","High School",27,34,36,"2005-2-1"
"Male","White","High School",71,79,71,"2006-5-22"
"Male","White","Associate's Degree",43,45,50,"2007-5-9"
"Female","Multiracial","Some College",79,86,92,"2006-2-6"
"Male","White","Associate's Degree",78,81,82,"2004-3-2"
"Male","Multiracial","Some High School",65,66,62,"2007-9-9"
"Female","Asian","Some College",63,72,70,"2005-12-1"
"Female","African_American","Some College",58,67,62,"2005-4-17"
"Female","African_American","Bachelor's Degree",65,67,62,"2004-2-3"
"Male","Multiracial","Some College",79,67,67,"2004-9-6"
"Male","African_American","Bachelor's Degree",68,74,74,"2006-10-25"
"Female","African_American","Associate's Degree",85,91,89,"2006-3-9"
"Male","Multiracial","High School",60,44,47,"2006-1-11"
"Male","White","Some College",98,86,90,"2007-12-26"
"Female","White","Some College",58,67,72,"2005-11-18"
"Female","African_American","Master's Degree",87,100,100,"2007-7-6"
"Male","Asian","Associate's Degree",66,63,64,"2006-12-23"
"Female","Multiracial","Associate's Degree",52,76,70,"2005-1-18"
"Female","Multiracial","Some High School",70,64,72,"2006-3-16"
"Female","African_American","Associate's Degree",77,89,98,"2004-6-12"
"Male","White","High School",62,55,49,"2006-3-7"
"Male","Other","Associate's Degree",54,53,47,"2006-3-17"
"Female","African_American","Some College",51,58,54,"2007-5-21"
"Female","Asian","Bachelor's Degree",99,100,100,"2004-2-13"
"Male","White","High School",84,77,74,"2003-2-19"
"Female","Multiracial","Bachelor's Degree",75,85,82,"2004-8-4"
"Female","African_American","Bachelor's Degree",78,82,79,"2003-6-2"
"Female","African_American","Some High School",51,63,61,"2007-4-24"
"Female","White","Some College",55,69,65,"2007-8-17"
"Female","White","Bachelor's Degree",79,92,89,"2005-2-23"
"Male","Multiracial","Associate's Degree",91,89,92,"2003-1-22"
"Female","White","Some College",88,93,93,"2007-6-16"
"Male","African_American","High School",63,57,56,"2006-3-26"
"Male","Asian","Some College",83,80,73,"2004-4-14"
"Female","Multiracial","High School",87,95,86,"2007-8-26"
"Male","Multiracial","Some High School",72,68,67,"2005-9-13"
"Male","African_American","Some College",65,77,74,"2005-4-7"
"Male","African_American","Master's Degree",82,82,74,"2006-4-24"
"Female","Other","Bachelor's Degree",51,49,51,"2003-5-20"
"Male","African_American","Master's Degree",89,84,82,"2005-10-2"
"Male","White","Some High School",53,37,40,"2003-10-21"
"Male","Asian","Some College",87,74,70,"2007-2-18"
"Female","White","Some College",75,81,84,"2007-10-4"
"Male","African_American","Bachelor's Degree",74,79,75,"2006-1-15"
"Male","White","Bachelor's Degree",58,55,48,"2005-3-26"
"Male","Multiracial","Some High School",51,54,41,"2007-6-12"
"Male","Asian","High School",70,55,56,"2003-4-28"
"Female","White","Associate's Degree",59,66,67,"2004-9-22"
"Male","African_American","Some College",71,61,69,"2007-8-6"
"Female","African_American","Some High School",76,72,71,"2003-1-19"
"Female","White","Some College",59,62,64,"2003-6-2"
"Female","Asian","Some College",42,55,54,"2003-9-10"
"Male","Other","High School",57,43,47,"2007-1-26"
"Male","African_American","Some College",88,73,78,"2006-7-12"
"Female","White","Some College",22,39,33,"2007-9-10"
"Male","Multiracial","Some High School",88,84,75,"2003-8-7"
"Male","White","Associate's Degree",73,68,66,"2004-4-2"
"Female","African_American","Bachelor's Degree",68,75,81,"2004-9-23"
"Male","Asian","Associate's Degree",100,100,93,"2004-11-7"
"Male","Other","Some High School",62,67,69,"2006-3-12"
"Male","Other","Bachelor's Degree",77,67,68,"2004-7-18"
"Female","Multiracial","Associate's Degree",59,70,66,"2003-12-26"
"Male","African_American","Bachelor's Degree",54,49,47,"2005-12-15"
"Male","African_American","Some High School",62,67,61,"2003-4-19"
"Female","White","Some College",70,89,88,"2007-7-14"
"Female","Asian","High School",66,74,78,"2006-5-20"
"Male","Multiracial","Some College",60,60,60,"2004-7-6"
"Female","Multiracial","Associate's Degree",61,86,87,"2006-5-3"
"Male","African_American","Associate's Degree",66,62,64,"2005-12-15"
"Male","Multiracial","Associate's Degree",82,78,74,"2006-1-5"
"Female","Asian","Some College",75,88,85,"2006-8-24"
"Male","Multiracial","Master's Degree",49,53,52,"2005-4-20"
"Male","White","High School",52,53,49,"2004-1-12"
"Female","Asian","Master's Degree",81,92,91,"2003-6-14"
"Female","White","Bachelor's Degree",96,100,100,"2005-10-17"
"Male","White","High School",53,51,51,"2005-4-27"
"Female","Multiracial","Master's Degree",58,76,78,"2006-1-12"
"Female","Multiracial","High School",68,83,78,"2005-10-2"
"Female","White","Some College",67,75,70,"2007-7-27"
"Male","Other","High School",72,73,74,"2003-12-5"
"Male","Asian","Some High School",94,88,78,"2003-12-20"
"Female","African_American","Some College",79,86,81,"2005-6-27"
"Female","White","Associate's Degree",63,67,70,"2003-6-9"
"Female","White","Bachelor's Degree",43,51,54,"2003-1-18"
"Female","White","Master's Degree",81,91,87,"2003-11-18"
"Female","Multiracial","High School",46,54,58,"2003-11-14"
"Female","White","Associate's Degree",71,77,77,"2004-2-11"
"Female","Multiracial","Master's Degree",52,70,62,"2007-11-28"
"Female","African_American","Some High School",97,100,100,"2005-6-10"
"Male","White","Master's Degree",62,68,75,"2007-6-13"
"Female","White","Some College",46,64,66,"2004-9-11"
"Female","Asian","High School",50,50,47,"2003-8-19"
"Female","African_American","Associate's Degree",65,69,70,"2003-2-11"
"Male","White","Some High School",45,52,49,"2006-10-20"
"Male","White","Associate's Degree",65,67,65,"2006-6-23"
"Male","Asian","High School",80,76,65,"2004-7-11"
"Male","African_American","Some High School",62,66,68,"2007-7-19"
"Male","Multiracial","Some High School",48,52,45,"2007-9-8"
"Female","White","Bachelor's Degree",77,88,87,"2004-3-24"
"Female","Asian","Associate's Degree",66,65,69,"2007-10-16"
"Male","African_American","Some College",76,83,79,"2005-9-11"
"Female","Multiracial","Some High School",62,64,66,"2005-11-6"
"Male","African_American","Some College",77,62,62,"2005-9-22"
"Female","White","Master's Degree",69,84,85,"2005-7-22"
"Male","African_American","Associate's Degree",61,55,52,"2005-8-23"
"Male","White","Some High School",59,69,65,"2007-10-20"
"Male","Asian","High School",55,56,51,"2005-6-16"
"Female","Multiracial","Some College",45,53,55,"2006-12-4"
"Female","Multiracial","Bachelor's Degree",78,79,76,"2005-10-4"
"Female","White","Associate's Degree",67,84,86,"2007-7-27"
"Female","African_American","Some College",65,81,77,"2004-9-18"
"Male","White","Associate's Degree",69,77,69,"2004-7-4"
"Female","Multiracial","Associate's Degree",57,69,68,"2004-6-26"
"Male","White","Some College",59,41,42,"2004-7-11"
"Male","African_American","Some High School",74,71,78,"2004-2-22"
"Male","Asian","Bachelor's Degree",82,62,62,"2004-2-7"
"Male","Asian","High School",81,80,76,"2006-5-15"
"Female","Multiracial","Some College",74,81,76,"2004-7-15"
"Female","Multiracial","Some College",58,61,66,"2004-1-15"
"Male","African_American","Some High School",80,79,79,"2005-4-18"
"Male","White","Some College",35,28,27,"2004-2-28"
"Female","White","High School",42,62,60,"2007-9-8"
"Male","White","Associate's Degree",60,51,56,"2004-7-28"
"Male","Asian","High School",87,91,81,"2007-7-2"
"Male","Multiracial","Some High School",84,83,75,"2004-5-11"
"Female","Asian","Associate's Degree",83,86,88,"2006-8-24"
"Female","White","High School",34,42,39,"2005-4-3"
"Male","Multiracial","High School",66,77,70,"2005-8-8"
"Male","Multiracial","Some High School",61,56,56,"2005-11-23"
"Female","African_American","High School",56,68,74,"2005-7-6"
"Male","Multiracial","Associate's Degree",87,85,73,"2007-7-7"
"Female","White","Some High School",55,65,62,"2004-3-26"
"Male","African_American","Some High School",86,80,75,"2005-1-22"
"Female","Multiracial","Associate's Degree",52,66,73,"2007-2-25"
"Female","Asian","Master's Degree",45,56,54,"2007-11-6"
"Female","White","Some College",72,72,71,"2003-4-19"
"Male","African_American","High School",57,50,54,"2005-2-23"
"Male","Other","Some High School",68,72,64,"2005-2-28"
"Female","White","Some College",88,95,94,"2006-12-1"
"Male","African_American","Some College",76,64,66,"2005-11-4"
"Male","White","Associate's Degree",46,43,42,"2004-4-4"
"Female","Multiracial","Bachelor's Degree",67,86,83,"2007-11-27"
"Male","Asian","Some High School",92,87,78,"2007-11-9"
"Male","White","Bachelor's Degree",83,82,84,"2004-10-28"
"Male","African_American","Associate's Degree",80,75,77,"2005-2-5"
"Male","African_American","Bachelor's Degree",63,66,67,"2004-6-1"
"Female","African_American","Some High School",64,60,74,"2003-9-28"
"Male","Multiracial","Some College",54,52,51,"2004-6-25"
"Male","White","Associate's Degree",84,80,80,"2005-7-18"
"Male","African_American","High School",73,68,66,"2003-8-11"
"Female","Asian","Bachelor's Degree",80,83,83,"2007-7-20"
"Female","African_American","High School",56,52,55,"2006-3-12"
"Male","Asian","Some College",59,51,43,"2004-3-9"
"Male","African_American","Some High School",75,74,69,"2005-1-1"
"Male","White","Associate's Degree",85,76,71,"2003-4-10"
"Male","Asian","Associate's Degree",89,76,74,"2006-2-12"
"Female","Multiracial","High School",58,70,68,"2007-2-17"
"Female","Multiracial","High School",65,64,62,"2007-7-28"
"Male","White","High School",68,60,53,"2006-9-7"
"Male","Other","Some High School",47,49,49,"2007-4-2"
"Female","African_American","Some College",71,83,83,"2004-4-18"
"Female","Multiracial","Some High School",60,70,70,"2004-7-17"
"Male","African_American","Master's Degree",80,80,72,"2007-12-28"
"Male","African_American","High School",54,52,52,"2004-12-13"
"Female","Asian","Some College",62,73,70,"2004-1-16"
"Female","White","Associate's Degree",64,73,68,"2007-11-4"
"Male","White","Associate's Degree",78,77,77,"2005-10-14"
"Female","Multiracial","Some College",70,75,78,"2007-1-20"
"Female","White","Master's Degree",65,81,81,"2007-8-19"
"Female","White","Some High School",64,79,77,"2007-12-11"
"Male","White","Some College",79,79,78,"2007-1-18"
"Female","White","Some High School",44,50,51,"2003-11-20"
"Female","Asian","High School",99,93,90,"2005-8-6"
"Male","African_American","High School",76,73,68,"2007-11-8"
"Male","African_American","Some High School",59,42,41,"2004-1-10"
"Female","White","Bachelor's Degree",63,75,81,"2005-1-22"
"Female","African_American","High School",69,72,77,"2007-8-7"
"Female","African_American","Associate's Degree",88,92,95,"2007-2-18"
"Female","Asian","Some College",71,76,70,"2007-4-22"
"Male","White","Bachelor's Degree",69,63,61,"2004-7-3"
"Male","White","Some College",58,49,42,"2004-12-27"
"Female","African_American","Associate's Degree",47,53,58,"2004-3-16"
"Female","African_American","Some College",65,70,71,"2006-10-28"
"Male","Multiracial","Some College",88,85,76,"2004-5-28"
"Male","White","Bachelor's Degree",83,78,73,"2004-8-27"
"Female","White","Some High School",85,92,93,"2003-11-14"
"Female","Asian","High School",59,63,75,"2004-8-12"
"Female","White","Some High School",65,86,80,"2007-9-3"
"Male","Multiracial","Bachelor's Degree",73,56,57,"2007-10-20"
"Male","African_American","High School",53,52,42,"2005-12-26"
"Male","African_American","High School",45,48,46,"2004-6-5"
"Female","African_American","Bachelor's Degree",73,79,84,"2003-3-6"
"Female","African_American","Some College",70,78,78,"2005-1-19"
"Female","Multiracial","Some High School",37,46,46,"2004-7-22"
"Male","Multiracial","Associate's Degree",81,82,82,"2006-12-28"
"Male","Asian","Associate's Degree",97,82,88,"2005-8-10"
"Female","Multiracial","Some High School",67,89,82,"2003-11-5"
"Male","Multiracial","Bachelor's Degree",88,75,76,"2005-5-28"
"Male","Asian","Some High School",77,76,77,"2005-12-1"
"Male","White","Associate's Degree",76,70,68,"2003-10-14"
"Male","African_American","Some High School",86,73,70,"2004-8-1"
"Male","White","Some High School",63,60,57,"2006-12-23"
"Female","Asian","Bachelor's Degree",65,73,75,"2005-6-11"
"Male","African_American","High School",78,77,80,"2004-12-9"
"Male","Multiracial","Associate's Degree",67,62,60,"2005-1-25"
"Male","Other","Some High School",46,41,43,"2005-4-18"
"Male","Asian","Associate's Degree",71,74,68,"2004-9-3"
"Male","White","High School",40,46,50,"2006-11-27"
"Male","African_American","Associate's Degree",90,87,75,"2003-1-6"
"Male","Other","Some College",81,78,81,"2007-9-25"
"Male","African_American","Some High School",56,54,52,"2005-1-4"
"Female","White","Associate's Degree",67,84,81,"2004-1-3"
"Male","Multiracial","Associate's Degree",80,76,64,"2006-2-2"
"Female","White","Associate's Degree",74,75,83,"2006-2-3"
"Male","Other","Some College",69,67,69,"2007-4-27"
"Male","Asian","Some College",99,87,81,"2005-6-15"
"Male","White","Some High School",51,52,44,"2007-7-18"
"Female","Multiracial","Associate's Degree",53,71,67,"2005-7-22"
"Female","African_American","High School",49,57,52,"2006-10-3"
"Female","Multiracial","Associate's Degree",73,76,80,"2006-1-23"
"Male","Multiracial","Bachelor's Degree",66,60,57,"2005-1-2"
"Male","African_American","Bachelor's Degree",67,61,68,"2004-1-27"
"Female","White","Associate's Degree",68,67,69,"2005-3-11"
"Female","White","Bachelor's Degree",59,64,75,"2003-4-12"
"Male","White","High School",71,66,65,"2006-2-5"
"Female","African_American","Master's Degree",77,82,91,"2007-10-23"
"Male","White","Associate's Degree",83,72,78,"2005-6-4"
"Male","Multiracial","Bachelor's Degree",63,71,69,"2003-8-14"
"Female","African_American","Associate's Degree",56,65,63,"2003-7-11"
"Female","White","High School",67,79,84,"2003-4-4"
"Female","Asian","High School",75,86,79,"2004-4-2"
"Female","White","Some College",71,81,80,"2007-3-26"
"Female","White","Some High School",43,53,53,"2007-8-12"
"Female","White","High School",41,46,43,"2004-9-7"
"Female","White","Some College",82,90,94,"2004-12-27"
"Male","White","Some College",61,61,62,"2007-2-14"
"Male","Other","Some College",28,23,19,"2005-8-12"
"Male","White","Associate's Degree",82,75,77,"2005-11-5"
"Female","Multiracial","Some High School",41,55,51,"2004-3-11"
"Male","White","High School",71,60,61,"2004-8-26"
"Male","White","Associate's Degree",47,37,35,"2005-2-26"
"Male","Asian","Associate's Degree",62,56,53,"2004-2-4"
"Male","Multiracial","Associate's Degree",90,78,81,"2007-3-2"
"Female","White","Bachelor's Degree",83,93,95,"2004-2-10"
"Female","Multiracial","Some College",61,68,66,"2004-12-14"
"Male","African_American","Some High School",76,70,69,"2006-11-18"
"Male","White","Associate's Degree",49,51,43,"2003-4-2"
"Female","Multiracial","Some High School",24,38,27,"2006-10-14"
"Female","African_American","Some High School",35,55,60,"2003-11-10"
"Male","White","High School",58,61,52,"2007-2-22"
"Female","White","High School",61,73,63,"2004-10-25"
"Female","Multiracial","High School",69,76,74,"2004-2-13"
"Male","African_American","Associate's Degree",67,72,67,"2003-8-16"
"Male","African_American","Some College",79,73,67,"2006-1-15"
"Female","White","High School",72,80,75,"2007-4-11"
"Male","Multiracial","Some College",62,61,57,"2005-10-2"
"Female","White","Bachelor's Degree",77,94,95,"2007-10-17"
"Male","African_American","High School",75,74,66,"2005-8-20"
"Male","Asian","Associate's Degree",87,74,76,"2006-7-6"
"Female","Multiracial","Bachelor's Degree",52,65,69,"2006-1-4"
"Male","Asian","Some College",66,57,52,"2005-1-14"
"Female","White","Some College",63,78,80,"2003-3-3"
"Female","White","Associate's Degree",46,58,57,"2007-4-8"
"Female","White","Some College",59,71,70,"2006-6-23"
"Female","Multiracial","Bachelor's Degree",61,72,70,"2005-4-5"
"Male","Other","Associate's Degree",63,61,61,"2007-9-3"
"Female","White","Some College",42,66,69,"2007-6-10"
"Male","African_American","Some College",59,62,61,"2006-1-16"
"Female","African_American","Some College",80,90,89,"2007-12-12"
"Female","Multiracial","High School",58,62,59,"2006-10-17"
"Male","Multiracial","Some High School",85,84,78,"2006-1-13"
"Female","White","Some College",52,58,58,"2004-10-6"
"Female","African_American","Some High School",27,34,32,"2006-2-27"
"Male","White","Some College",59,60,58,"2005-11-24"
"Male","Other","Bachelor's Degree",49,58,60,"2007-7-15"
"Male","White","High School",69,58,53,"2007-10-16"
"Male","White","Bachelor's Degree",61,66,61,"2005-12-12"
"Female","Other","Some High School",44,64,58,"2004-6-13"
"Female","African_American","Some High School",73,84,85,"2003-8-11"
"Male","Asian","Some College",84,77,71,"2006-11-3"
"Female","White","Some College",45,73,70,"2003-3-28"
"Male","African_American","Some High School",74,74,72,"2004-5-22"
"Female","African_American","Some College",82,97,96,"2004-3-1"
"Female","African_American","Bachelor's Degree",59,70,73,"2005-4-21"
"Male","Asian","Associate's Degree",46,43,41,"2007-6-22"
"Female","African_American","Some High School",80,90,82,"2003-2-10"
"Female","African_American","Master's Degree",85,95,100,"2006-11-7"
"Female","Other","Some High School",71,83,77,"2006-9-3"
"Male","Other","Bachelor's Degree",66,64,62,"2005-12-24"
"Female","Multiracial","Associate's Degree",80,86,83,"2007-3-13"
"Male","White","Associate's Degree",87,100,95,"2003-7-14"
"Male","White","Master's Degree",79,81,71,"2005-9-14"
"Female","Asian","Some High School",38,49,45,"2004-7-8"
"Female","Other","Some High School",38,43,43,"2004-9-10"
"Female","Asian","Some College",67,76,75,"2006-6-9"
"Female","Asian","Bachelor's Degree",64,73,70,"2004-5-8"
"Female","White","Associate's Degree",57,78,67,"2003-11-10"
"Female","African_American","High School",62,64,64,"2004-3-25"
"Male","African_American","Master's Degree",73,70,75,"2003-3-26"
"Male","Asian","Some High School",73,67,59,"2007-9-17"
"Female","African_American","Some College",77,68,77,"2007-3-9"
"Male","Asian","Some College",76,67,67,"2007-1-23"
"Male","White","Associate's Degree",57,54,56,"2006-9-21"
"Female","White","Some High School",65,74,77,"2004-12-2"
"Male","Other","High School",48,45,41,"2005-2-9"
"Female","Multiracial","High School",50,67,63,"2005-6-7"
"Female","White","Associate's Degree",85,89,95,"2006-8-20"
"Male","Multiracial","Some High School",74,63,57,"2006-9-22"
"Male","African_American","Some High School",60,59,54,"2003-7-8"
"Female","White","Some High School",59,54,67,"2004-4-8"
"Male","Other","Some College",53,43,43,"2004-2-17"
"Female","Other","Some College",49,65,55,"2003-11-7"
"Female","African_American","High School",88,99,100,"2004-6-2"
"Female","White","High School",54,59,62,"2007-9-2"
"Female","White","Some High School",63,73,68,"2003-9-25"
"Male","Multiracial","Associate's Degree",65,65,63,"2004-5-22"
"Female","Multiracial","Associate's Degree",82,80,77,"2006-6-1"
"Female","African_American","High School",52,57,56,"2004-4-22"
"Male","African_American","Associate's Degree",87,84,85,"2005-12-1"
"Female","African_American","Master's Degree",70,71,74,"2004-6-1"
"Male","Asian","Some College",84,83,78,"2006-7-1"
"Male","African_American","Associate's Degree",71,66,60,"2006-5-17"
"Male","Multiracial","Some High School",63,67,67,"2006-3-21"
"Female","White","Bachelor's Degree",51,72,79,"2003-4-16"
"Male","Asian","High School",84,73,69,"2003-2-7"
"Male","White","Bachelor's Degree",71,74,68,"2003-7-25"
"Male","White","Associate's Degree",74,73,67,"2007-3-16"
"Male","African_American","Some College",68,59,62,"2004-12-13"
"Male","Asian","High School",57,56,54,"2006-6-25"
"Female","White","Associate's Degree",82,93,93,"2004-2-11"
"Female","African_American","High School",57,58,64,"2006-9-5"
"Female","African_American","Master's Degree",47,58,67,"2007-5-20"
"Female","Other","Some High School",59,85,80,"2004-2-27"
"Male","Multiracial","Some College",41,39,34,"2005-11-23"
"Female","White","Some College",62,67,62,"2007-10-28"
"Male","White","Bachelor's Degree",86,83,86,"2007-1-18"
"Male","White","Some High School",69,71,65,"2005-11-4"
"Male","Other","Some High School",65,59,53,"2006-11-3"
"Male","White","Some High School",68,63,54,"2006-1-19"
"Male","White","Associate's Degree",64,66,59,"2007-12-10"
"Female","White","High School",61,72,70,"2006-9-3"
"Male","White","High School",61,56,55,"2003-1-25"
"Female","Other","Some High School",47,59,50,"2005-9-28"
"Male","White","Some High School",73,66,66,"2004-11-10"
"Male","White","Some College",50,48,53,"2003-5-19"
"Male","African_American","Associate's Degree",75,68,64,"2004-10-6"
"Male","African_American","Associate's Degree",75,66,73,"2005-7-13"
"Male","White","High School",70,56,51,"2006-7-23"
"Male","African_American","Some High School",89,88,82,"2007-6-6"
"Female","White","Some College",67,81,79,"2006-6-24"
"Female","African_American","High School",78,81,80,"2006-11-18"
"Female","Other","Some High School",59,73,69,"2007-4-1"
"Female","Multiracial","Associate's Degree",73,83,76,"2003-5-1"
"Male","Other","Some High School",79,82,73,"2006-10-15"
"Female","White","Some High School",67,74,77,"2006-10-6"
"Male","African_American","Some College",69,66,60,"2005-3-2"
"Male","White","High School",86,81,80,"2006-9-23"
"Male","Multiracial","High School",47,46,42,"2003-1-2"
"Male","Multiracial","Associate's Degree",81,73,72,"2005-8-12"
"Female","White","Some College",64,85,85,"2005-1-25"
"Female","Asian","Some College",100,92,97,"2003-12-17"
"Female","White","Associate's Degree",65,77,74,"2003-12-24"
"Male","White","Some College",65,58,49,"2006-11-4"
"Female","White","Associate's Degree",53,61,62,"2007-4-26"
"Male","White","Bachelor's Degree",37,56,47,"2005-10-27"
"Female","African_American","Bachelor's Degree",79,89,89,"2005-1-14"
"Male","African_American","Associate's Degree",53,54,48,"2005-2-16"
"Female","Asian","Bachelor's Degree",100,100,100,"2007-12-27"
"Male","Multiracial","High School",72,65,68,"2003-11-3"
"Male","White","Bachelor's Degree",53,58,55,"2003-11-28"
"Male","Multiracial","Some College",54,54,45,"2006-8-5"
"Female","Asian","Some College",71,70,76,"2004-1-27"
"Female","White","Some College",77,90,91,"2006-5-21"
"Male","Other","Bachelor's Degree",75,58,62,"2006-8-28"
"Female","White","Some College",84,87,91,"2007-10-9"
"Female","African_American","Associate's Degree",26,31,38,"2005-6-12"
"Male","Other","High School",72,67,65,"2007-7-7"
"Female","Other","High School",77,88,85,"2007-12-18"
"Male","White","Some College",91,74,76,"2003-6-28"
"Female","White","Associate's Degree",83,85,90,"2007-8-7"
"Female","White","High School",63,69,74,"2007-6-28"
"Female","White","Associate's Degree",68,86,84,"2003-6-12"
"Female","African_American","Some High School",59,67,61,"2007-10-20"
"Female","Multiracial","Associate's Degree",90,90,91,"2003-8-6"
"Female","African_American","Bachelor's Degree",71,76,83,"2004-5-9"
"Male","Asian","Bachelor's Degree",76,62,66,"2003-6-27"
"Male","African_American","Associate's Degree",80,68,72,"2007-4-24"
"Female","African_American","Master's Degree",55,64,70,"2003-6-18"
"Male","Asian","Associate's Degree",76,71,67,"2004-7-27"
"Male","Multiracial","High School",73,71,68,"2004-9-4"
"Female","African_American","Associate's Degree",52,59,56,"2003-5-13"
"Male","White","Some College",68,68,61,"2005-12-7"
"Male","Other","High School",59,52,46,"2005-5-10"
"Female","Multiracial","Associate's Degree",49,52,54,"2006-5-19"
"Male","White","High School",70,74,71,"2006-9-24"
"Male","African_American","Some College",61,47,56,"2006-8-21"
"Female","White","Associate's Degree",60,75,74,"2005-11-3"
"Male","Multiracial","Some High School",64,53,57,"2005-4-1"
"Male","Other","Associate's Degree",79,82,82,"2005-3-12"
"Female","Other","Associate's Degree",65,85,76,"2007-12-2"
"Female","White","Associate's Degree",64,64,70,"2003-7-16"
"Female","White","Some College",83,83,90,"2003-6-26"
"Female","White","Bachelor's Degree",81,88,90,"2004-3-1"
"Female","Multiracial","High School",54,64,68,"2003-4-11"
"Male","African_American","High School",68,64,66,"2005-5-19"
"Female","White","Some College",54,48,52,"2006-6-28"
"Female","African_American","Some College",59,78,76,"2007-3-9"
"Female","Multiracial","Some High School",66,69,68,"2003-1-19"
"Male","Asian","Some College",76,71,72,"2005-7-2"
"Female","African_American","Master's Degree",74,79,82,"2007-9-5"
"Female","Multiracial","Associate's Degree",94,87,92,"2006-3-28"
"Male","White","Some College",63,61,54,"2003-1-25"
"Female","Asian","Associate's Degree",95,89,92,"2007-9-6"
"Female","African_American","Master's Degree",40,59,54,"2005-7-20"
"Female","Multiracial","Some High School",82,82,80,"2006-3-21"
"Male","Other","High School",68,70,66,"2006-11-24"
"Male","Multiracial","Bachelor's Degree",55,59,54,"2003-3-16"
"Male","White","Master's Degree",79,78,77,"2006-9-9"
"Female","White","Bachelor's Degree",86,92,87,"2007-1-21"
"Male","African_American","Some College",76,71,73,"2006-6-19"
"Male","Other","Some High School",64,50,43,"2007-7-3"
"Male","African_American","Some High School",62,49,52,"2003-11-6"
"Female","Multiracial","Some High School",54,61,62,"2007-1-10"
"Female","Multiracial","Master's Degree",77,97,94,"2007-10-3"
"Female","White","Some High School",76,87,85,"2004-3-20"
"Female","African_American","Some College",74,89,84,"2006-8-10"
"Female","Asian","Some College",66,74,73,"2006-7-12"
"Female","African_American","Some High School",66,78,78,"2004-1-19"
"Female","Multiracial","High School",67,78,79,"2006-1-24"
"Male","African_American","Some College",71,49,52,"2004-7-2"
"Female","White","Associate's Degree",91,86,84,"2006-2-1"
"Male","African_American","Bachelor's Degree",69,58,57,"2006-1-20"
"Male","White","Master's Degree",54,59,50,"2003-7-22"
"Male","White","High School",53,52,49,"2004-9-10"
"Male","Asian","Some College",68,60,59,"2007-9-26"
"Male","White","Some High School",56,61,60,"2007-7-3"
"Female","White","High School",36,53,43,"2003-3-23"
"Female","African_American","Bachelor's Degree",29,41,47,"2003-4-14"
"Female","White","Associate's Degree",62,74,70,"2003-1-27"
"Female","White","Associate's Degree",68,67,73,"2006-6-3"
"Female","White","Some High School",47,54,53,"2003-11-6"
"Male","Asian","Associate's Degree",62,61,58,"2007-9-6"
"Female","Asian","Associate's Degree",79,88,94,"2003-9-1"
"Male","Multiracial","High School",73,69,68,"2007-11-7"
"Female","White","Bachelor's Degree",66,83,83,"2005-8-4"
"Male","White","Associate's Degree",51,60,58,"2005-12-6"
"Female","African_American","High School",51,66,62,"2006-8-26"
"Male","Asian","Bachelor's Degree",85,66,71,"2007-12-3"
"Male","Other","Associate's Degree",97,92,86,"2006-11-2"
"Male","White","High School",75,69,68,"2004-3-23"
"Male","African_American","Associate's Degree",79,82,80,"2003-11-11"
"Female","White","Associate's Degree",81,77,79,"2006-3-14"
"Female","African_American","Associate's Degree",82,95,89,"2007-7-22"
"Female","African_American","Master's Degree",64,63,66,"2006-11-6"
"Male","Asian","Some High School",78,83,80,"2005-11-14"
"Female","Other","Some High School",92,100,97,"2006-11-12"
"Male","White","High School",72,67,64,"2006-3-18"
"Female","White","High School",62,67,64,"2006-11-23"
"Male","White","Master's Degree",79,72,69,"2006-4-16"
"Male","White","Some High School",79,76,65,"2007-12-7"
"Male","Multiracial","Bachelor's Degree",87,90,88,"2007-6-13"
"Female","Multiracial","Associate's Degree",40,48,50,"2003-5-13"
"Male","African_American","Some College",77,62,64,"2005-9-19"
"Male","Asian","Associate's Degree",53,45,40,"2004-8-7"
"Female","White","Some College",32,39,33,"2006-10-11"
"Female","White","Associate's Degree",55,72,79,"2006-1-9"
"Male","White","Master's Degree",61,67,66,"2007-1-14"
"Female","Multiracial","Associate's Degree",53,70,70,"2005-3-28"
"Male","African_American","Some High School",73,66,62,"2003-7-4"
"Female","African_American","Some College",74,75,79,"2004-6-15"
"Female","White","Some College",63,74,74,"2006-9-8"
"Male","White","Bachelor's Degree",96,90,92,"2005-10-3"
"Female","African_American","Some College",63,80,80,"2007-5-20"
"Male","Multiracial","Bachelor's Degree",48,51,46,"2006-7-5"
"Male","Multiracial","Associate's Degree",48,43,45,"2006-7-15"
"Female","Asian","Bachelor's Degree",92,100,100,"2005-5-14"
"Female","African_American","Master's Degree",61,71,78,"2004-4-24"
"Male","Multiracial","High School",63,48,47,"2004-6-11"
"Male","African_American","Bachelor's Degree",68,68,67,"2007-11-27"
"Male","Multiracial","Some College",71,75,70,"2007-8-9"
"Male","Other","Bachelor's Degree",91,96,92,"2007-6-5"
"Female","White","Some College",53,62,56,"2007-10-27"
"Female","White","High School",50,66,64,"2007-2-10"
"Female","Asian","High School",74,81,71,"2006-9-3"
"Male","Other","Associate's Degree",40,55,53,"2004-12-8"
"Male","Other","Some College",61,51,52,"2007-7-21"
"Female","Multiracial","High School",81,91,89,"2005-6-15"
"Female","Multiracial","Some College",48,56,58,"2006-8-22"
"Female","African_American","Master's Degree",53,61,68,"2004-8-2"
"Female","African_American","Some High School",81,97,96,"2005-6-20"
"Female","Asian","Some High School",77,79,80,"2005-3-12"
"Female","African_American","Bachelor's Degree",63,73,78,"2003-12-19"
"Female","African_American","Associate's Degree",73,75,80,"2004-4-5"
"Female","African_American","Some College",69,77,77,"2007-6-1"
"Female","White","Associate's Degree",65,76,76,"2007-12-24"
"Female","Other","High School",55,73,73,"2003-12-5"
"Female","White","Bachelor's Degree",44,63,62,"2003-12-8"
"Female","White","Some College",54,64,65,"2003-12-10"
"Female","Other","Some High School",48,66,65,"2003-7-2"
"Male","White","Some College",58,57,54,"2005-9-5"
"Male","Other","Some High School",71,62,50,"2005-12-10"
"Male","Asian","Bachelor's Degree",68,68,64,"2004-1-26"
"Female","Asian","High School",74,76,73,"2004-8-1"
"Female","White","Bachelor's Degree",92,100,99,"2007-8-12"
"Female","White","Bachelor's Degree",56,79,72,"2006-11-9"
"Male","Multiracial","High School",30,24,15,"2007-12-3"
"Male","Other","Some High School",53,54,48,"2006-7-4"
"Female","African_American","High School",69,77,73,"2004-7-7"
"Female","African_American","Some High School",65,82,81,"2004-5-15"
"Female","African_American","Master's Degree",54,60,63,"2007-9-3"
"Female","White","High School",29,29,30,"2007-8-14"
"Female","Asian","Some College",76,78,80,"2003-7-14"
"Male","African_American","High School",60,57,51,"2007-2-18"
"Male","African_American","Master's Degree",84,89,90,"2006-2-16"
"Male","White","Some High School",75,72,62,"2003-12-5"
"Female","White","Associate's Degree",85,84,82,"2007-6-13"
"Female","White","Master's Degree",40,58,54,"2007-2-24"
"Female","Asian","Some College",61,64,62,"2003-1-20"
"Female","Multiracial","Associate's Degree",58,63,65,"2007-11-12"
"Male","African_American","Some College",69,60,63,"2007-8-18"
"Female","White","Some College",58,59,66,"2006-1-11"
"Male","White","Bachelor's Degree",94,90,91,"2007-1-9"
"Female","White","Associate's Degree",65,77,74,"2004-3-28"
"Female","Other","Associate's Degree",82,93,93,"2004-8-19"
"Female","White","High School",60,68,72,"2005-6-23"
"Female","Asian","Bachelor's Degree",37,45,38,"2005-1-18"
"Male","African_American","Bachelor's Degree",88,78,83,"2005-4-13"
"Male","African_American","Master's Degree",95,81,84,"2007-7-1"
"Male","White","Associate's Degree",65,73,68,"2005-8-4"
"Female","White","High School",35,61,54,"2004-11-22"
"Male","Multiracial","Bachelor's Degree",62,63,56,"2003-2-9"
"Male","White","High School",58,51,52,"2003-5-13"
"Male","Other","Some College",100,96,86,"2003-5-28"
"Female","Asian","Bachelor's Degree",61,58,62,"2005-5-21"
"Male","African_American","Some College",100,97,99,"2003-2-5"
"Male","Multiracial","Associate's Degree",69,70,63,"2004-9-8"
"Male","African_American","Associate's Degree",61,48,46,"2005-6-2"
"Male","African_American","Some College",49,57,46,"2006-8-6"
"Female","White","Some High School",44,51,55,"2005-9-22"
"Male","African_American","Some College",67,64,70,"2003-3-19"
"Male","Multiracial","High School",79,60,65,"2007-7-5"
"Female","Multiracial","Bachelor's Degree",66,74,81,"2007-11-13"
"Female","White","High School",75,88,85,"2004-9-8"
"Male","African_American","Some High School",84,84,80,"2006-8-13"
"Male","Other","High School",71,74,64,"2004-8-7"
"Female","Multiracial","High School",67,80,81,"2007-4-7"
"Female","African_American","Some High School",80,92,88,"2006-3-4"
"Male","Asian","Some College",86,76,74,"2003-6-12"
"Female","African_American","Associate's Degree",76,74,73,"2007-4-13"
"Male","African_American","High School",41,52,51,"2005-1-19"
"Female","African_American","Associate's Degree",74,88,90,"2006-6-7"
"Female","Multiracial","Some High School",72,81,79,"2003-11-26"
"Female","Asian","High School",74,79,80,"2004-6-8"
"Male","Multiracial","High School",70,65,60,"2007-6-28"
"Female","Multiracial","Bachelor's Degree",65,81,81,"2006-3-17"
"Female","African_American","Associate's Degree",59,70,65,"2007-12-8"
"Female","Asian","High School",64,62,68,"2005-5-9"
"Female","Multiracial","High School",50,53,55,"2003-12-13"
"Female","African_American","Some College",69,79,81,"2006-4-9"
"Male","White","Some High School",51,56,53,"2006-9-16"
"Female","Other","High School",68,80,76,"2006-3-14"
"Female","African_American","Some College",85,86,98,"2003-12-11"
"Female","Other","Associate's Degree",65,70,74,"2005-4-6"
"Female","Multiracial","Some High School",73,79,79,"2003-11-23"
"Female","Multiracial","Some College",62,67,67,"2003-1-15"
"Male","White","Associate's Degree",77,67,64,"2003-1-9"
"Male","African_American","Some High School",69,66,61,"2004-8-24"
"Female","African_American","Associate's Degree",43,60,58,"2003-12-21"
"Male","African_American","Associate's Degree",90,87,85,"2005-4-18"
"Male","White","Some College",74,77,73,"2005-4-7"
"Male","White","Some High School",73,66,63,"2007-2-20"
"Female","African_American","Some College",55,71,69,"2006-10-13"
"Female","White","High School",65,69,67,"2007-7-19"
"Male","African_American","Associate's Degree",80,63,63,"2005-9-14"
"Female","White","Some High School",50,60,60,"2006-4-19"
"Female","White","Some College",63,73,71,"2005-5-15"
"Female","Multiracial","Bachelor's Degree",77,85,87,"2003-3-21"
"Male","White","Some College",73,74,61,"2007-2-13"
"Male","African_American","Associate's Degree",81,72,77,"2005-12-4"
"Female","White","High School",66,76,68,"2003-6-19"
"Male","African_American","Associate's Degree",52,57,50,"2007-9-25"
"Female","White","Some College",69,78,76,"2003-5-10"
"Female","White","Associate's Degree",65,84,84,"2004-4-14"
"Female","African_American","High School",69,77,78,"2006-7-4"
"Female","Multiracial","Some College",50,64,66,"2007-5-21"
"Female","Asian","Some College",73,78,76,"2004-2-27"
"Female","White","Some High School",70,82,76,"2006-2-20"
"Male","African_American","Associate's Degree",81,75,78,"2006-3-18"
"Male","African_American","Some College",63,61,60,"2005-8-20"
"Female","African_American","High School",67,72,74,"2006-10-10"
"Male","Multiracial","High School",60,68,60,"2005-12-7"
"Male","Multiracial","High School",62,55,54,"2007-11-26"
"Female","White","Some High School",29,40,44,"2007-3-15"
"Male","Multiracial","Some College",62,66,68,"2005-5-21"
"Female","Asian","Master's Degree",94,99,100,"2005-2-7"
"Male","Asian","Some College",85,75,68,"2006-9-9"
"Male","African_American","Associate's Degree",77,78,73,"2006-3-16"
"Male","Other","High School",53,58,44,"2005-3-19"
"Male","Asian","Some College",93,90,83,"2006-9-27"
"Female","White","Associate's Degree",49,53,53,"2003-12-7"
"Female","Asian","Associate's Degree",73,76,78,"2007-10-25"
"Female","White","Bachelor's Degree",66,74,81,"2003-5-28"
"Female","African_American","Associate's Degree",77,77,73,"2005-1-4"
"Female","White","Some High School",49,63,56,"2005-5-25"
"Female","African_American","Some College",79,89,86,"2005-9-5"
"Female","White","Associate's Degree",75,82,90,"2005-10-3"
"Female","Other","Bachelor's Degree",59,72,70,"2004-5-19"
"Female","African_American","Associate's Degree",57,78,79,"2004-1-28"
"Male","White","High School",66,66,59,"2004-1-28"
"Female","Asian","Bachelor's Degree",79,81,82,"2006-2-28"
"Female","Multiracial","Some High School",57,67,72,"2005-8-3"
"Male","Other","Bachelor's Degree",87,84,87,"2006-1-27"
"Female","African_American","Some College",63,64,67,"2004-7-25"
"Female","Multiracial","Some High School",59,63,64,"2003-1-10"
"Male","Other","Bachelor's Degree",62,72,65,"2005-1-13"
"Male","African_American","High School",46,34,36,"2004-10-17"
"Male","White","Some College",66,59,52,"2005-2-13"
"Male","African_American","High School",89,87,79,"2007-2-10"
"Female","African_American","Associate's Degree",42,61,58,"2006-10-6"
"Male","White","Some College",93,84,90,"2006-10-11"
"Female","Asian","Some High School",80,85,85,"2004-5-22"
"Female","African_American","Some College",98,100,99,"2003-4-23"
"Male","African_American","Master's Degree",81,81,84,"2006-3-27"
"Female","Multiracial","Some High School",60,70,74,"2006-12-20"
"Female","Multiracial","Associate's Degree",76,94,87,"2003-8-10"
"Male","White","Associate's Degree",73,78,72,"2006-4-7"
"Female","White","Associate's Degree",96,96,99,"2007-4-1"
"Female","White","High School",76,76,74,"2006-8-23"
"Male","Asian","Associate's Degree",91,73,80,"2003-7-5"
"Female","White","Some College",62,72,70,"2005-3-24"
"Male","African_American","Some High School",55,59,59,"2007-11-28"
"Female","Multiracial","Some High School",74,90,88,"2004-1-6"
"Male","White","High School",50,48,42,"2005-6-12"
"Male","Multiracial","Some College",47,43,41,"2005-10-9"
"Male","Asian","Some College",81,74,71,"2005-5-14"
"Female","Asian","Associate's Degree",65,75,77,"2004-7-4"
"Male","Asian","Some High School",68,51,57,"2007-5-4"
"Female","African_American","High School",73,92,84,"2005-10-11"
"Male","White","Some College",53,39,37,"2003-9-14"
"Female","Multiracial","Associate's Degree",68,77,80,"2003-11-26"
"Male","Other","Some High School",55,46,43,"2004-2-2"
"Female","White","Some College",87,89,94,"2004-10-3"
"Male","African_American","Some High School",55,47,44,"2006-12-28"
"Female","Asian","Some College",53,58,57,"2007-7-2"
"Male","White","Master's Degree",67,57,59,"2004-6-22"
"Male","White","Associate's Degree",92,79,84,"2007-8-19"
"Female","Multiracial","Some College",53,66,73,"2006-12-20"
"Male","African_American","Associate's Degree",81,71,73,"2005-5-28"
"Male","White","High School",61,60,55,"2005-3-22"
"Male","African_American","Bachelor's Degree",80,73,72,"2005-8-18"
"Female","Other","Associate's Degree",37,57,56,"2006-7-13"
"Female","White","High School",81,84,82,"2004-8-21"
"Female","White","Associate's Degree",59,73,72,"2005-6-23"
"Male","Multiracial","Some College",55,55,47,"2006-2-1"
"Male","African_American","Associate's Degree",72,79,74,"2007-8-4"
"Male","African_American","High School",69,75,71,"2006-10-3"
"Male","White","Some College",69,64,68,"2005-10-24"
"Female","White","Bachelor's Degree",50,60,59,"2004-3-5"
"Male","Multiracial","Some College",87,84,86,"2003-9-24"
"Male","African_American","Some High School",71,69,68,"2003-12-25"
"Male","Asian","Some College",68,72,65,"2004-10-20"
"Male","White","Master's Degree",79,77,75,"2007-7-3"
"Female","White","Some High School",77,90,85,"2005-7-19"
"Male","White","Associate's Degree",58,55,53,"2006-1-16"
"Female","Asian","Associate's Degree",84,95,92,"2004-2-18"
"Male","African_American","Some College",55,58,52,"2007-7-8"
"Male","Asian","Bachelor's Degree",70,68,72,"2004-11-12"
"Female","African_American","Some College",52,59,65,"2007-6-1"
"Male","Multiracial","Some College",69,77,77,"2007-8-10"
"Female","White","High School",53,72,64,"2003-5-15"
"Female","African_American","Some High School",48,58,54,"2006-3-24"
"Male","African_American","Some High School",78,81,86,"2005-4-5"
"Female","Multiracial","High School",62,62,63,"2006-3-7"
"Male","African_American","Some College",60,63,59,"2005-5-5"
"Female","Multiracial","High School",74,72,72,"2004-1-22"
"Female","White","High School",58,75,77,"2006-11-7"
"Male","Multiracial","High School",76,62,60,"2003-6-3"
"Female","African_American","Some High School",68,71,75,"2006-11-4"
"Male","Other","Some College",58,60,57,"2004-7-11"
"Male","Multiracial","High School",52,48,49,"2003-4-23"
"Male","African_American","Bachelor's Degree",75,73,74,"2006-8-13"
"Female","Multiracial","Some High School",52,67,72,"2005-11-9"
"Female","White","Bachelor's Degree",62,78,79,"2007-5-4"
"Male","Multiracial","Some College",66,65,60,"2003-5-16"
"Female","Multiracial","Some High School",49,58,55,"2006-4-22"
"Female","Multiracial","High School",66,72,70,"2006-8-21"
"Female","White","Some College",35,44,43,"2006-3-3"
"Female","Other","Some College",72,79,82,"2003-10-11"
"Male","Asian","Associate's Degree",94,85,82,"2003-4-6"
"Female","African_American","Associate's Degree",46,56,57,"2004-1-9"
"Female","Multiracial","Master's Degree",77,90,84,"2006-8-25"
"Female","Multiracial","High School",76,85,82,"2007-6-19"
"Female","White","Associate's Degree",52,59,62,"2004-6-8"
"Male","White","Bachelor's Degree",91,81,79,"2007-10-9"
"Female","Multiracial","Some High School",32,51,44,"2004-9-27"
"Female","Asian","Some High School",72,79,77,"2005-9-17"
"Female","Multiracial","Some College",19,38,32,"2003-11-20"
"Male","White","Associate's Degree",68,65,61,"2004-5-6"
"Female","White","Master's Degree",52,65,61,"2003-3-26"
"Female","Multiracial","High School",48,62,60,"2003-4-22"
"Female","African_American","Some College",60,66,70,"2006-8-11"
"Male","African_American","High School",66,74,69,"2005-8-19"
"Male","Asian","Some High School",89,84,77,"2005-2-19"
"Female","Multiracial","High School",42,52,51,"2006-1-11"
"Female","Asian","Associate's Degree",57,68,73,"2003-10-5"
"Male","African_American","High School",70,70,70,"2003-1-14"
"Female","Asian","Associate's Degree",70,84,81,"2003-11-27"
"Male","Asian","Some College",69,60,54,"2004-1-5"
"Female","White","Associate's Degree",52,55,57,"2006-4-2"
"Male","White","Some High School",67,73,68,"2003-7-22"
"Male","White","Some High School",76,80,73,"2007-12-8"
"Female","Asian","Associate's Degree",87,94,95,"2006-6-18"
"Female","Multiracial","Some College",82,85,87,"2003-11-23"
"Female","White","Some College",73,76,78,"2004-5-16"
"Male","Other","Some College",75,81,74,"2004-9-16"
"Female","African_American","Some College",64,74,75,"2006-8-5"
"Female","Asian","High School",41,45,40,"2006-7-24"
"Male","White","High School",90,75,69,"2007-11-10"
"Male","Multiracial","Bachelor's Degree",59,54,51,"2006-11-6"
"Male","Other","Some High School",51,31,36,"2003-4-12"
"Male","Other","High School",45,47,49,"2007-2-1"
"Female","White","Master's Degree",54,64,67,"2006-12-27"
"Male","Asian","Some High School",87,84,76,"2003-9-7"
"Female","White","High School",72,80,83,"2006-11-16"
"Male","Multiracial","Some High School",94,86,87,"2003-8-28"
"Female","Other","Bachelor's Degree",45,59,64,"2006-6-10"
"Male","African_American","Bachelor's Degree",61,70,76,"2004-8-12"
"Female","Multiracial","High School",60,72,68,"2004-1-3"
"Female","White","Some High School",77,91,88,"2004-9-25"
"Female","Other","Some High School",85,90,92,"2005-3-23"
"Female","African_American","Bachelor's Degree",78,90,93,"2003-12-24"
"Male","Asian","Some College",49,52,51,"2003-6-17"
"Female","Multiracial","High School",71,87,82,"2004-9-14"
"Female","White","Some High School",48,58,52,"2004-2-7"
"Male","White","High School",62,67,58,"2006-6-5"
"Female","White","Associate's Degree",56,68,70,"2007-7-21"
"Female","White","Some High School",65,69,76,"2004-7-3"
"Female","African_American","Some High School",69,86,81,"2007-3-7"
"Male","Multiracial","Some High School",68,54,53,"2007-4-11"
"Female","Other","Some College",61,60,57,"2003-7-4"
"Female","White","Bachelor's Degree",74,86,89,"2003-5-8"
"Male","Other","Bachelor's Degree",64,60,58,"2006-7-13"
"Female","Multiracial","High School",77,82,89,"2005-2-21"
"Male","Multiracial","Some College",58,50,45,"2003-2-21"
"Female","White","High School",60,64,74,"2005-8-17"
"Male","Asian","High School",73,64,57,"2004-4-8"
"Female","Other","High School",75,82,79,"2003-2-7"
"Male","Multiracial","Associate's Degree",58,57,53,"2006-12-2"
"Female","White","Associate's Degree",66,77,73,"2004-6-26"
"Female","African_American","High School",39,52,46,"2003-2-6"
"Male","White","Some High School",64,58,51,"2007-1-27"
"Female","Multiracial","High School",23,44,36,"2007-4-13"
"Male","Multiracial","Some College",74,77,76,"2005-1-25"
"Female","African_American","Some High School",40,65,64,"2007-7-18"
"Male","Asian","Master's Degree",90,85,84,"2007-6-10"
"Male","White","Master's Degree",91,85,85,"2004-1-16"
"Male","African_American","High School",64,54,50,"2007-6-26"
"Female","White","High School",59,72,68,"2004-5-7"
"Male","African_American","Associate's Degree",80,75,69,"2004-9-10"
"Male","White","Master's Degree",71,67,67,"2007-7-16"
"Female","Other","High School",61,68,63,"2006-9-22"
"Female","Asian","Some College",87,85,93,"2004-11-11"
"Male","Asian","Some High School",82,67,61,"2005-7-26"
"Male","White","Some High School",62,64,55,"2005-2-8"
"Female","Multiracial","Bachelor's Degree",97,97,96,"2005-7-27"
"Male","Multiracial","Some College",75,68,65,"2004-7-4"
"Female","White","Bachelor's Degree",65,79,81,"2006-9-11"
"Male","Multiracial","High School",52,49,46,"2006-5-22"
"Male","White","Associate's Degree",87,73,72,"2006-12-15"
"Female","White","Associate's Degree",53,62,53,"2005-8-22"
"Female","Asian","Master's Degree",81,86,87,"2005-10-21"
"Male","African_American","Bachelor's Degree",39,42,38,"2004-9-21"
"Female","White","Some College",71,71,80,"2005-9-22"
"Male","White","Associate's Degree",97,93,91,"2005-6-17"
"Male","African_American","Some College",82,82,88,"2003-10-28"
"Male","White","High School",59,53,52,"2006-7-8"
"Male","Multiracial","Associate's Degree",61,42,41,"2005-1-26"
"Male","Asian","Associate's Degree",78,74,72,"2006-4-13"
"Male","White","Associate's Degree",49,51,51,"2003-8-19"
"Male","Multiracial","High School",59,58,47,"2007-6-24"
"Female","White","Some College",70,72,76,"2005-11-6"
"Male","Multiracial","Associate's Degree",82,84,78,"2005-1-17"
"Male","Asian","Associate's Degree",90,90,82,"2007-7-2"
"Female","White","Bachelor's Degree",43,62,61,"2003-9-15"
"Male","White","Some College",80,64,66,"2004-7-9"
"Male","African_American","Some College",81,82,84,"2006-8-7"
"Male","White","Some High School",57,61,54,"2003-4-19"
"Female","African_American","Some High School",59,72,80,"2004-7-11"
"Female","African_American","Associate's Degree",64,76,74,"2003-3-2"
"Male","White","Bachelor's Degree",63,64,66,"2007-12-5"
"Female","Asian","Bachelor's Degree",71,70,70,"2003-1-24"
"Female","Multiracial","High School",64,73,71,"2007-3-1"
"Male","African_American","Bachelor's Degree",55,46,44,"2003-3-22"
"Female","Asian","Associate's Degree",51,51,54,"2004-10-4"
"Female","White","Associate's Degree",62,76,80,"2007-3-15"
"Female","Asian","Associate's Degree",93,100,95,"2006-5-13"
"Male","White","High School",54,72,59,"2004-9-11"
"Female","African_American","Some College",69,65,74,"2006-10-6"
"Male","African_American","High School",44,51,48,"2005-10-19"
"Female","Asian","Some College",86,85,91,"2007-2-13"
"Female","Asian","Associate's Degree",85,92,85,"2007-5-10"
"Female","Other","Master's Degree",50,67,73,"2005-9-26"
"Male","African_American","Some High School",88,74,75,"2003-12-1"
"Female","Asian","Associate's Degree",59,62,69,"2005-8-14"
"Female","Asian","Some High School",32,34,38,"2004-6-7"
"Male","Multiracial","High School",36,29,27,"2005-3-1"
"Female","Multiracial","Some High School",63,78,79,"2007-10-15"
"Male","African_American","Associate's Degree",67,54,63,"2007-11-12"
"Female","African_American","Some High School",65,78,82,"2004-4-1"
"Male","African_American","Master's Degree",85,84,89,"2003-3-2"
"Female","White","Master's Degree",73,78,74,"2006-7-25"
"Female","Other","High School",34,48,41,"2003-9-6"
"Female","African_American","Bachelor's Degree",93,100,100,"2004-8-12"
"Female","African_American","Some High School",67,84,84,"2003-6-2"
"Male","African_American","Some College",88,77,77,"2006-9-26"
"Male","Multiracial","High School",57,48,51,"2003-4-5"
"Female","African_American","Some College",79,84,91,"2003-12-14"
"Female","White","Bachelor's Degree",67,75,72,"2004-10-20"
"Male","Asian","Bachelor's Degree",70,64,70,"2005-12-15"
"Male","African_American","Bachelor's Degree",50,42,48,"2005-11-22"
"Female","Other","Some College",69,84,82,"2003-8-19"
"Female","White","Bachelor's Degree",52,61,66,"2004-11-26"
"Female","White","Bachelor's Degree",47,62,66,"2003-7-7"
"Female","Multiracial","Associate's Degree",46,61,55,"2003-10-24"
"Female","Asian","Some College",68,70,66,"2007-5-22"
"Male","Asian","Bachelor's Degree",100,100,100,"2005-4-2"
"Female","White","High School",44,61,52,"2006-2-8"
"Female","White","Associate's Degree",57,77,80,"2006-6-12"
"Male","Multiracial","Some College",91,96,91,"2007-7-1"
"Male","African_American","High School",69,70,67,"2003-1-17"
"Female","White","High School",35,53,46,"2003-2-4"
"Male","African_American","High School",72,66,66,"2006-12-5"
"Female","Multiracial","Associate's Degree",54,65,65,"2006-12-21"
"Male","African_American","High School",74,70,69,"2004-8-20"
"Male","Asian","Some High School",74,64,60,"2007-2-17"
"Male","Asian","Associate's Degree",64,56,52,"2004-7-23"
"Female","African_American","High School",65,61,71,"2005-7-6"
"Male","Asian","Associate's Degree",46,43,44,"2007-5-8"
"Female","White","Some High School",48,56,51,"2007-3-21"
"Male","White","Some College",67,74,70,"2006-4-24"
"Male","African_American","Some College",62,57,62,"2005-10-19"
"Male","African_American","Associate's Degree",61,71,73,"2005-5-9"
"Male","White","Bachelor's Degree",70,75,74,"2003-5-21"
"Male","White","Associate's Degree",98,87,90,"2006-9-17"
"Male","African_American","Some College",70,63,58,"2006-6-24"
"Male","Other","Associate's Degree",67,57,53,"2005-5-19"
"Female","Asian","High School",57,58,57,"2005-4-28"
"Male","African_American","Some College",85,81,85,"2005-4-5"
"Male","African_American","Some High School",77,68,69,"2003-7-7"
"Male","White","Master's Degree",72,66,72,"2004-9-15"
"Female","African_American","Master's Degree",78,91,96,"2006-6-11"
"Male","White","High School",81,66,64,"2005-6-26"
"Male","Other","Some High School",61,62,61,"2005-10-15"
"Female","Multiracial","High School",58,68,61,"2004-10-5"
"Female","White","Associate's Degree",54,61,58,"2004-7-15"
"Male","Multiracial","High School",82,82,80,"2007-10-20"
"Female","African_American","Some College",49,58,60,"2006-9-14"
"Male","Multiracial","Some High School",49,50,52,"2006-10-13"
"Female","Asian","High School",57,75,73,"2007-10-22"
"Male","Asian","High School",94,73,71,"2005-8-28"
"Female","African_American","Some College",75,77,83,"2006-4-26"
"Female","Asian","Some High School",74,74,72,"2003-7-21"
"Male","White","High School",58,52,54,"2007-6-20"
"Female","White","Some College",62,69,69,"2006-12-4"
"Male","Asian","Associate's Degree",72,57,62,"2007-12-2"
"Male","White","Some College",84,87,81,"2005-2-20"
"Female","African_American","Master's Degree",92,100,100,"2003-12-4"
"Female","African_American","High School",45,63,59,"2005-2-8"
"Male","White","High School",75,81,71,"2006-5-14"
"Female","Other","Some College",56,58,64,"2006-11-16"
"Female","African_American","Some High School",48,54,53,"2006-11-27"
"Female","Asian","Associate's Degree",100,100,100,"2003-10-19"
"Female","White","Some High School",65,76,75,"2007-3-6"
"Male","African_American","Some College",72,57,58,"2006-1-13"
"Female","African_American","Some College",62,70,72,"2007-6-23"
"Male","Other","Some High School",66,68,64,"2004-8-12"
"Male","White","Some College",63,63,60,"2007-3-15"
"Female","Asian","Associate's Degree",68,76,67,"2003-5-28"
"Female","Multiracial","Bachelor's Degree",75,84,80,"2007-6-2"
"Female","African_American","Bachelor's Degree",89,100,100,"2006-6-27"
"Male","White","Some High School",78,72,69,"2004-2-1"
"Female","Other","High School",53,50,60,"2007-5-3"
"Female","African_American","Some College",49,65,61,"2007-9-4"
"Female","Other","Some College",54,63,67,"2003-8-28"
"Female","White","Some College",64,82,77,"2004-7-9"
"Male","Multiracial","Some College",60,62,60,"2004-3-1"
"Male","White","Associate's Degree",62,65,58,"2006-6-8"
"Male","African_American","High School",55,41,48,"2005-10-2"
"Female","White","Associate's Degree",91,95,94,"2003-12-27"
"Female","Multiracial","High School",8,24,23,"2004-1-26"
"Male","African_American","Some High School",81,78,78,"2006-10-22"
"Male","Multiracial","Some High School",79,85,86,"2006-6-11"
"Female","Other","Some College",78,87,91,"2007-8-11"
"Female","White","Some High School",74,75,82,"2005-8-18"
"Male","Other","High School",57,51,54,"2004-11-13"
"Female","White","Associate's Degree",40,59,51,"2003-5-23"
"Male","Asian","Some High School",81,75,76,"2006-2-4"
"Female","Other","Some High School",44,45,45,"2007-10-6"
"Female","African_American","Some College",67,86,83,"2006-8-4"
"Male","Asian","High School",86,81,75,"2005-7-24"
"Female","Multiracial","Some High School",65,82,78,"2006-8-8"
"Female","African_American","Associate's Degree",55,76,76,"2003-10-24"
"Female","African_American","Bachelor's Degree",62,72,74,"2006-2-13"
"Male","Other","High School",63,63,62,"2003-2-17"
"Female","Asian","Master's Degree",88,99,95,"2006-11-1"
"Male","White","High School",62,55,55,"2003-9-3"
"Female","White","High School",59,71,65,"2007-5-6"
"Female","African_American","Some College",68,78,77,"2003-7-19"
"Female","African_American","Some College",77,86,86,"2005-5-1"
